Date,AAPL
2015-01-02,24.237546920776367
2015-01-05,23.554744720458984
2015-01-06,23.55695152282715
2015-01-07,23.887277603149414
2015-01-08,24.805086135864258
2015-01-09,24.83169174194336
2015-01-12,24.21981430053711
2015-01-13,24.434860229492188
2015-01-14,24.341751098632812
2015-01-15,23.68111228942871
2015-01-16,23.49710464477539
2015-01-20,24.10232162475586
2015-01-21,24.28632354736328
2015-01-22,24.918149948120117
2015-01-23,25.046724319458008
2015-01-26,25.073328018188477
2015-01-27,24.195430755615234
2015-01-28,25.563268661499023
2015-01-29,26.359140396118164
2015-01-30,25.973398208618164
2015-02-02,26.299274444580078
2015-02-03,26.303720474243164
2015-02-04,26.50545310974121
2015-02-05,26.694637298583984
2015-02-06,26.4698429107666
2015-02-09,26.645671844482422
2015-02-10,27.15757179260254
2015-02-11,27.794113159179688
2015-02-12,28.145774841308594
2015-02-13,28.283761978149414
2015-02-17,28.450695037841797
2015-02-18,28.648773193359375
2015-02-19,28.588685989379883
2015-02-20,28.822370529174805
2015-02-23,29.601362228393555
2015-02-24,29.41663360595703
2015-02-25,28.664350509643555
2015-02-26,29.027141571044922
2015-02-27,28.590904235839844
2015-03-02,28.73112678527832
2015-03-03,28.791217803955078
2015-03-04,28.60870933532715
2015-03-05,28.1346492767334
2015-03-06,28.176931381225586
2015-03-09,28.297109603881836
2015-03-10,27.711763381958008
2015-03-11,27.206544876098633
2015-03-12,27.69841957092285
2015-03-13,27.50700569152832
2015-03-16,27.8096981048584
2015-03-17,28.274860382080078
2015-03-18,28.59313201904297
2015-03-19,28.377241134643555
2015-03-20,28.021135330200195
2015-03-23,28.312694549560547
2015-03-24,28.19696044921875
2015-03-25,27.46027374267578
2015-03-26,27.65167808532715
2015-03-27,27.431337356567383
2015-03-30,28.125747680664062
2015-03-31,27.6939640045166
2015-04-01,27.653905868530273
2015-04-02,27.892044067382812
2015-04-06,28.343854904174805
2015-04-07,28.045616149902344
2015-04-08,27.95436668395996
2015-04-09,28.168025970458984
2015-04-10,28.288219451904297
2015-04-13,28.23257064819336
2015-04-14,28.110166549682617
2015-04-15,28.216999053955078
2015-04-16,28.081233978271484
2015-04-17,27.765180587768555
2015-04-20,28.399497985839844
2015-04-21,28.24593162536621
2015-04-22,28.626506805419922
2015-04-23,28.860214233398438
2015-04-24,28.995975494384766
2015-04-27,29.523462295532227
2015-04-28,29.058298110961914
2015-04-29,28.630970001220703
2015-04-30,27.85421371459961
2015-05-01,28.699968338012695
2015-05-04,28.644315719604492
2015-05-05,27.99888038635254
2015-05-06,27.823049545288086
2015-05-07,27.995149612426758
2015-05-08,28.522598266601562
2015-05-11,28.2320499420166
2015-05-12,28.13148307800293
2015-05-13,28.162763595581055
2015-05-14,28.819849014282227
2015-05-15,28.77961540222168
2015-05-18,29.09699249267578
2015-05-19,29.070159912109375
2015-05-20,29.067928314208984
2015-05-21,29.365177154541016
2015-05-22,29.6221866607666
2015-05-26,28.969589233398438
2015-05-27,29.510446548461914
2015-05-28,29.452341079711914
2015-05-29,29.117094039916992
2015-06-01,29.175201416015625
2015-06-02,29.045570373535156
2015-06-03,29.081335067749023
2015-06-04,28.911479949951172
2015-06-05,28.75279426574707
2015-06-08,28.56283187866211
2015-06-09,28.477895736694336
2015-06-10,28.8042049407959
2015-06-11,28.739389419555664
2015-06-12,28.422019958496094
2015-06-15,28.36614418029785
2015-06-16,28.518123626708984
2015-06-17,28.451082229614258
2015-06-18,28.580705642700195
2015-06-19,28.294628143310547
2015-06-22,28.52036476135254
2015-06-23,28.390731811523438
2015-06-24,28.632102966308594
2015-06-25,28.49577522277832
2015-06-26,28.32814598083496
2015-06-29,27.831993103027344
2015-06-30,28.03313636779785
2015-07-01,28.294628143310547
2015-07-02,28.258869171142578
2015-07-06,28.16053009033203
2015-07-07,28.09124755859375
2015-07-08,27.39393424987793
2015-07-09,26.835195541381836
2015-07-10,27.552621841430664
2015-07-13,28.08454132080078
2015-07-14,28.073368072509766
2015-07-15,28.34380531311035
2015-07-16,28.721506118774414
2015-07-17,28.969589233398438
2015-07-20,29.51715087890625
2015-07-21,29.22214126586914
2015-07-22,27.986209869384766
2015-07-23,27.972793579101562
2015-07-24,27.825288772583008
2015-07-27,27.438644409179688
2015-07-28,27.57497787475586
2015-07-29,27.487812042236328
2015-07-30,27.349239349365234
2015-07-31,27.110095977783203
2015-08-03,26.470895767211914
2015-08-04,25.62161636352539
2015-08-05,25.791473388671875
2015-08-06,25.847599029541016
2015-08-07,25.935148239135742
2015-08-10,26.87809181213379
2015-08-11,25.479402542114258
2015-08-12,25.872291564941406
2015-08-13,25.852092742919922
2015-08-14,26.03394317626953
2015-08-17,26.3033504486084
2015-08-18,26.15517807006836
2015-08-19,25.820653915405273
2015-08-20,25.290813446044922
2015-08-21,23.74395751953125
2015-08-24,23.15125846862793
2015-08-25,23.290449142456055
2015-08-26,24.626272201538086
2015-08-27,25.351438522338867
2015-08-28,25.434507369995117
2015-08-31,25.315515518188477
2015-09-01,24.183990478515625
2015-09-02,25.22122573852539
2015-09-03,24.778942108154297
2015-09-04,24.531978607177734
2015-09-08,25.214487075805664
2015-09-09,24.72954750061035
2015-09-10,25.272859573364258
2015-09-11,25.641048431396484
2015-09-14,25.88800811767578
2015-09-15,26.105783462524414
2015-09-16,26.134967803955078
2015-09-17,25.575942993164062
2015-09-18,25.47042465209961
2015-09-21,25.865554809570312
2015-09-22,25.459196090698242
2015-09-23,25.66574478149414
2015-09-24,25.818418502807617
2015-09-25,25.75330924987793
2015-09-28,25.243667602539062
2015-09-29,24.484834671020508
2015-09-30,24.763227462768555
2015-10-01,24.601585388183594
2015-10-02,24.781187057495117
2015-10-05,24.87098503112793
2015-10-06,24.989978790283203
2015-10-07,24.87098503112793
2015-10-08,24.583621978759766
2015-10-09,25.17182731628418
2015-10-12,25.05508804321289
2015-10-13,25.097740173339844
2015-10-14,24.743017196655273
2015-10-15,25.113460540771484
2015-10-16,24.929359436035156
2015-10-19,25.084278106689453
2015-10-20,25.542266845703125
2015-10-21,25.540023803710938
2015-10-22,25.930662155151367
2015-10-23,26.734403610229492
2015-10-26,25.881271362304688
2015-10-27,25.71738624572754
2015-10-28,26.777061462402344
2015-10-29,27.059940338134766
2015-10-30,26.82869529724121
2015-11-02,27.205873489379883
2015-11-03,27.517932891845703
2015-11-04,27.389963150024414
2015-11-05,27.263700485229492
2015-11-06,27.295272827148438
2015-11-09,27.184789657592773
2015-11-10,26.328014373779297
2015-11-11,26.179195404052734
2015-11-12,26.091266632080078
2015-11-13,25.329185485839844
2015-11-16,25.74403953552246
2015-11-17,25.63356590270996
2015-11-18,26.445255279541016
2015-11-19,26.781200408935547
2015-11-20,26.8984432220459
2015-11-23,26.548969268798828
2015-11-24,26.803754806518555
2015-11-25,26.612102508544922
2015-11-27,26.56249237060547
2015-11-30,26.6729736328125
2015-12-01,26.456527709960938
2015-12-02,26.217529296875
2015-12-03,25.974018096923828
2015-12-04,26.837566375732422
2015-12-07,26.66846466064453
2015-12-08,26.657194137573242
2015-12-09,26.0687198638916
2015-12-10,26.192726135253906
2015-12-11,25.518571853637695
2015-12-14,25.360750198364258
2015-12-15,24.912063598632812
2015-12-16,25.10370635986328
2015-12-17,24.571603775024414
2015-12-18,23.906471252441406
2015-12-21,24.199581146240234
2015-12-22,24.17703628540039
2015-12-23,24.488178253173828
2015-12-24,24.357406616210938
2015-12-28,24.0845947265625
2015-12-29,24.517488479614258
2015-12-30,24.197328567504883
2015-12-31,23.73286247253418
2016-01-04,23.753149032592773
2016-01-05,23.157909393310547
2016-01-06,22.70471954345703
2016-01-07,21.746479034423828
2016-01-08,21.86147117614746
2016-01-11,22.215452194213867
2016-01-12,22.537879943847656
2016-01-13,21.958423614501953
2016-01-14,22.438663482666016
2016-01-15,21.899797439575195
2016-01-19,21.793827056884766
2016-01-20,21.823139190673828
2016-01-21,21.712661743164062
2016-01-22,22.867061614990234
2016-01-25,22.420629501342773
2016-01-26,22.544635772705078
2016-01-27,21.063312530517578
2016-01-28,21.214366912841797
2016-01-29,21.947147369384766
2016-02-01,21.74197006225586
2016-02-02,21.302303314208984
2016-02-03,21.72393035888672
2016-02-04,21.898483276367188
2016-02-05,21.313621520996094
2016-02-08,21.538049697875977
2016-02-09,21.533504486083984
2016-02-10,21.370288848876953
2016-02-11,21.241069793701172
2016-02-12,21.30682373046875
2016-02-16,21.90755271911621
2016-02-17,22.24306297302246
2016-02-18,21.821413040161133
2016-02-19,21.77153968811035
2016-02-22,21.961956024169922
2016-02-23,21.465499877929688
2016-02-24,21.78513526916504
2016-02-25,21.93475341796875
2016-02-26,21.968765258789062
2016-02-29,21.918886184692383
2016-03-01,22.789382934570312
2016-03-02,22.83925437927246
2016-03-03,23.009281158447266
2016-03-04,23.35157585144043
2016-03-07,23.09314727783203
2016-03-08,22.902729034423828
2016-03-09,22.923137664794922
2016-03-10,22.934473037719727
2016-03-11,23.18155860900879
2016-03-14,23.240503311157227
2016-03-15,23.707489013671875
2016-03-16,24.022594451904297
2016-03-17,23.984058380126953
2016-03-18,24.01125144958496
2016-03-21,24.008996963500977
2016-03-22,24.19260597229004
2016-03-23,24.058860778808594
2016-03-24,23.954580307006836
2016-03-28,23.845773696899414
2016-03-29,24.410242080688477
2016-03-30,24.836416244506836
2016-03-31,24.707202911376953
2016-04-01,24.93389129638672
2016-04-04,25.19005584716797
2016-04-05,24.893091201782227
2016-04-06,25.153783798217773
2016-04-07,24.605192184448242
2016-04-08,24.632394790649414
2016-04-11,24.714004516601562
2016-04-12,25.03590965270996
2016-04-13,25.398618698120117
2016-04-14,25.412214279174805
2016-04-15,24.902156829833984
2016-04-18,24.36489486694336
2016-04-19,24.235689163208008
2016-04-20,24.285560607910156
2016-04-21,24.022594451904297
2016-04-22,23.95685577392578
2016-04-25,23.820838928222656
2016-04-26,23.65535545349121
2016-04-27,22.175050735473633
2016-04-28,21.497241973876953
2016-04-29,21.25014305114746
2016-05-02,21.227474212646484
2016-05-03,21.576587677001953
2016-05-04,21.352153778076172
2016-05-05,21.265487670898438
2016-05-06,21.146894454956055
2016-05-09,21.162853240966797
2016-05-10,21.30653953552246
2016-05-11,21.098997116088867
2016-05-12,20.60407829284668
2016-05-13,20.645124435424805
2016-05-16,21.411453247070312
2016-05-17,21.3225040435791
2016-05-18,21.566539764404297
2016-05-19,21.484439849853516
2016-05-20,21.717073440551758
2016-05-23,21.9930419921875
2016-05-24,22.328306198120117
2016-05-25,22.72059440612793
2016-05-26,22.90076446533203
2016-05-27,22.887083053588867
2016-05-31,22.775327682495117
2016-06-01,22.456031799316406
2016-06-02,22.287260055541992
2016-06-03,22.332874298095703
2016-06-06,22.494796752929688
2016-06-07,22.586029052734375
2016-06-08,22.565500259399414
2016-06-09,22.72743797302246
2016-06-10,22.540407180786133
2016-06-13,22.200586318969727
2016-06-14,22.227954864501953
2016-06-15,22.154970169067383
2016-06-16,22.248476028442383
2016-06-17,21.742164611816406
2016-06-20,21.6897029876709
2016-06-21,21.874441146850586
2016-06-22,21.792341232299805
2016-06-23,21.91777801513672
2016-06-24,21.301979064941406
2016-06-27,20.991798400878906
2016-06-28,21.345317840576172
2016-06-29,21.530054092407227
2016-06-30,21.803741455078125
2016-07-01,21.869884490966797
2016-07-05,21.664613723754883
2016-07-06,21.787776947021484
2016-07-07,21.88128089904785
2016-07-08,22.0500545501709
2016-07-11,22.118478775024414
2016-07-12,22.218833923339844
2016-07-13,22.0933895111084
2016-07-14,22.53129005432129
2016-07-15,22.529010772705078
2016-07-18,22.76848602294922
2016-07-19,22.777612686157227
2016-07-20,22.798145294189453
2016-07-21,22.677263259887695
2016-07-22,22.50164222717285
2016-07-25,22.200586318969727
2016-07-26,22.047779083251953
2016-07-27,23.480079650878906
2016-07-28,23.797094345092773
2016-07-29,23.76744270324707
2016-08-01,24.187095642089844
2016-08-02,23.829025268554688
2016-08-03,24.127798080444336
2016-08-04,24.276851654052734
2016-08-05,24.64603614807129
2016-08-08,24.850114822387695
2016-08-09,24.951011657714844
2016-08-10,24.76527976989746
2016-08-11,24.74922752380371
2016-08-12,24.806554794311523
2016-08-15,25.104656219482422
2016-08-16,25.08172035217285
2016-08-17,25.045034408569336
2016-08-18,25.01293182373047
2016-08-19,25.077133178710938
2016-08-22,24.882225036621094
2016-08-23,24.96018409729004
2016-08-24,24.772153854370117
2016-08-25,24.66667366027832
2016-08-26,24.5222110748291
2016-08-29,24.494693756103516
2016-08-30,24.30666160583496
2016-08-31,24.3295955657959
2016-09-01,24.474056243896484
2016-09-02,24.703365325927734
2016-09-06,24.696481704711914
2016-09-07,24.84783363342285
2016-09-08,24.19659423828125
2016-09-09,23.648548126220703
2016-09-12,24.178247451782227
2016-09-13,24.753812789916992
2016-09-14,25.6297664642334
2016-09-15,26.501142501831055
2016-09-16,26.352087020874023
2016-09-19,26.04480743408203
2016-09-20,26.042518615722656
2016-09-21,26.037939071655273
2016-09-22,26.283300399780273
2016-09-23,25.845317840576172
2016-09-26,25.88429832458496
2016-09-27,25.93245506286621
2016-09-28,26.12965965270996
2016-09-29,25.723783493041992
2016-09-30,25.923282623291016
2016-10-03,25.8017520904541
2016-10-04,25.91180992126465
2016-10-05,25.923282623291016
2016-10-06,26.115896224975586
2016-10-07,26.154888153076172
2016-10-10,26.61121368408203
2016-10-11,26.668535232543945
2016-10-12,26.907012939453125
2016-10-13,26.824462890625
2016-10-14,26.973508834838867
2016-10-17,26.95516586303711
2016-10-18,26.93682289123535
2016-10-19,26.856569290161133
2016-10-20,26.842802047729492
2016-10-21,26.737321853637695
2016-10-24,26.97809600830078
2016-10-25,27.115680694580078
2016-10-26,26.505725860595703
2016-10-27,26.251190185546875
2016-10-28,26.076919555664062
2016-10-31,26.035646438598633
2016-11-01,25.5655574798584
2016-11-02,25.58848762512207
2016-11-03,25.314210891723633
2016-11-04,25.086029052734375
2016-11-07,25.447900772094727
2016-11-08,25.59770965576172
2016-11-09,25.55622100830078
2016-11-10,24.844024658203125
2016-11-11,24.991535186767578
2016-11-14,24.36461639404297
2016-11-15,24.68729019165039
2016-11-16,25.351091384887695
2016-11-17,25.341873168945312
2016-11-18,25.36722755432129
2016-11-21,25.752140045166016
2016-11-22,25.768268585205078
2016-11-23,25.63689422607422
2016-11-25,25.765972137451172
2016-11-28,25.715251922607422
2016-11-29,25.689905166625977
2016-11-30,25.473249435424805
2016-12-01,25.23585319519043
2016-12-02,25.330350875854492
2016-12-05,25.148269653320312
2016-12-06,25.341873168945312
2016-12-07,25.59079933166504
2016-12-08,25.842031478881836
2016-12-09,26.263813018798828
2016-12-12,26.113998413085938
2016-12-13,26.549623489379883
2016-12-14,26.549623489379883
2016-12-15,26.694822311401367
2016-12-16,26.729398727416992
2016-12-19,26.88381576538086
2016-12-20,26.95526695251465
2016-12-21,26.980627059936523
2016-12-22,26.80314826965332
2016-12-23,26.856159210205078
2016-12-27,27.026723861694336
2016-12-28,26.91147804260254
2016-12-29,26.904560089111328
2016-12-30,26.694822311401367
2017-01-03,26.77088165283203
2017-01-04,26.740924835205078
2017-01-05,26.876909255981445
2017-01-06,27.176542282104492
2017-01-09,27.425460815429688
2017-01-10,27.4531192779541
2017-01-11,27.600624084472656
2017-01-12,27.485382080078125
2017-01-13,27.43698501586914
2017-01-17,27.658252716064453
2017-01-18,27.65595054626465
2017-01-19,27.607545852661133
2017-01-20,27.658252716064453
2017-01-23,27.67669105529785
2017-01-24,27.651334762573242
2017-01-25,28.091564178466797
2017-01-26,28.105392456054688
2017-01-27,28.10770034790039
2017-01-30,28.033945083618164
2017-01-31,27.969411849975586
2017-02-01,29.674999237060547
2017-02-02,29.624292373657227
2017-02-03,29.751062393188477
2017-02-06,30.02994155883789
2017-02-07,30.315757751464844
2017-02-08,30.433298110961914
2017-02-09,30.653202056884766
2017-02-10,30.583757400512695
2017-02-13,30.854595184326172
2017-02-14,31.25507164001465
2017-02-15,31.36849021911621
2017-02-16,31.331457138061523
2017-02-17,31.417102813720703
2017-02-21,31.643959045410156
2017-02-22,31.738862991333008
2017-02-23,31.604604721069336
2017-02-24,31.63470458984375
2017-02-27,31.697206497192383
2017-02-28,31.711091995239258
2017-03-01,32.35924530029297
2017-03-02,32.16712188720703
2017-03-03,32.35693359375
2017-03-06,32.25509262084961
2017-03-07,32.2967414855957
2017-03-08,32.17637634277344
2017-03-09,32.10230255126953
2017-03-10,32.20877456665039
2017-03-13,32.22267150878906
2017-03-14,32.17405319213867
2017-03-15,32.514347076416016
2017-03-16,32.56758499145508
2017-03-17,32.40554428100586
2017-03-20,32.745826721191406
2017-03-21,32.37082290649414
2017-03-22,32.736572265625
2017-03-23,32.62083053588867
2017-03-24,32.55601119995117
2017-03-27,32.61156463623047
2017-03-28,33.28750991821289
2017-03-29,33.361572265625
2017-03-30,33.31760025024414
2017-03-31,33.255088806152344
2017-04-03,33.26436996459961
2017-04-04,33.51204299926758
2017-04-05,33.33842849731445
2017-04-06,33.255088806152344
2017-04-07,33.18102264404297
2017-04-10,33.14167022705078
2017-04-11,32.785179138183594
2017-04-12,32.82453155517578
2017-04-13,32.65092086791992
2017-04-17,32.831485748291016
2017-04-18,32.685646057128906
2017-04-19,32.56526565551758
2017-04-20,32.97267532348633
2017-04-21,32.93333435058594
2017-04-24,33.250465393066406
2017-04-25,33.456485748291016
2017-04-26,33.25971984863281
2017-04-27,33.2851676940918
2017-04-28,33.252769470214844
2017-05-01,33.931034088134766
2017-05-02,34.14631652832031
2017-05-03,34.042144775390625
2017-05-04,33.91946029663086
2017-05-05,34.481971740722656
2017-05-08,35.41947937011719
2017-05-09,35.646331787109375
2017-05-10,35.47735595703125
2017-05-11,35.78416061401367
2017-05-12,36.28392791748047
2017-05-15,36.19094467163086
2017-05-16,36.137474060058594
2017-05-17,34.92414093017578
2017-05-18,35.45641326904297
2017-05-19,35.577293395996094
2017-05-22,35.79347229003906
2017-05-23,35.74929428100586
2017-05-24,35.642398834228516
2017-05-25,35.765567779541016
2017-05-26,35.705135345458984
2017-05-30,35.719085693359375
2017-05-31,35.507568359375
2017-06-01,35.60517883300781
2017-06-02,36.132835388183594
2017-06-05,35.77951431274414
2017-06-06,35.900386810302734
2017-06-07,36.114234924316406
2017-06-08,36.025909423828125
2017-06-09,34.62894821166992
2017-06-12,33.801456451416016
2017-06-13,34.073402404785156
2017-06-14,33.741004943847656
2017-06-15,33.53879165649414
2017-06-16,33.06927490234375
2017-06-19,34.015296936035156
2017-06-20,33.70615768432617
2017-06-21,33.90605163574219
2017-06-22,33.85026931762695
2017-06-23,34.001346588134766
2017-06-26,33.894432067871094
2017-06-27,33.40863037109375
2017-06-28,33.89674758911133
2017-06-29,33.396995544433594
2017-06-30,33.476043701171875
2017-07-03,33.355167388916016
2017-07-05,33.492305755615234
2017-07-06,33.17619705200195
2017-07-07,33.51322555541992
2017-07-10,33.717769622802734
2017-07-11,33.82701873779297
2017-07-12,33.87583541870117
2017-07-13,34.34768295288086
2017-07-14,34.64287567138672
2017-07-17,34.76375961303711
2017-07-18,34.8846321105957
2017-07-19,35.103118896484375
2017-07-20,34.945064544677734
2017-07-21,34.928794860839844
2017-07-24,35.351829528808594
2017-07-25,35.50291442871094
2017-07-26,35.670284271240234
2017-07-27,34.99619674682617
2017-07-28,34.74980926513672
2017-07-31,34.57083511352539
2017-08-01,34.87765121459961
2017-08-02,36.52565383911133
2017-08-03,36.160728454589844
2017-08-04,36.35132598876953
2017-08-07,36.91383361816406
2017-08-08,37.20903396606445
2017-08-09,37.43682098388672
2017-08-10,36.244384765625
2017-08-11,36.74842834472656
2017-08-14,37.301483154296875
2017-08-15,37.7098388671875
2017-08-16,37.558162689208984
2017-08-17,36.837100982666016
2017-08-18,36.753082275390625
2017-08-21,36.6854248046875
2017-08-22,37.28512954711914
2017-08-23,37.33180236816406
2017-08-24,37.16613006591797
2017-08-25,37.30381774902344
2017-08-28,37.67950439453125
2017-08-29,38.01552963256836
2017-08-30,38.11820602416992
2017-08-31,38.26988220214844
2017-09-01,38.28155517578125
2017-09-05,37.82184982299805
2017-09-06,37.78218078613281
2017-09-07,37.630489349365234
2017-09-08,37.016780853271484
2017-09-11,37.6865119934082
2017-09-12,37.53715515136719
2017-09-13,37.25480270385742
2017-09-14,36.93511199951172
2017-09-15,37.30846405029297
2017-09-18,37.026123046875
2017-09-19,37.04011535644531
2017-09-20,36.41939926147461
2017-09-21,35.79402160644531
2017-09-22,35.44398880004883
2017-09-25,35.13129425048828
2017-09-26,35.73568344116211
2017-09-27,35.99003601074219
2017-09-28,35.768341064453125
2017-09-29,35.96436309814453
2017-10-02,35.89202117919922
2017-10-03,36.0483512878418
2017-10-04,35.81501388549805
2017-10-05,36.26072692871094
2017-10-06,36.23970031738281
2017-10-09,36.36572265625
2017-10-10,36.37971878051758
2017-10-11,36.531402587890625
2017-10-12,36.40306091308594
2017-10-13,36.63408660888672
2017-10-16,37.30846405029297
2017-10-17,37.4461555480957
2017-10-18,37.28047561645508
2017-10-19,36.398399353027344
2017-10-20,36.461387634277344
2017-10-23,36.4427375793457
2017-10-24,36.65974807739258
2017-10-25,36.49873733520508
2017-10-26,36.73209762573242
2017-10-27,38.04820251464844
2017-10-30,38.90460968017578
2017-10-31,39.44598388671875
2017-11-01,38.94428253173828
2017-11-02,39.22896957397461
2017-11-03,40.253387451171875
2017-11-06,40.66175079345703
2017-11-07,40.79243850708008
2017-11-08,41.126136779785156
2017-11-09,41.04212188720703
2017-11-10,40.90629577636719
2017-11-13,40.742366790771484
2017-11-14,40.126434326171875
2017-11-15,39.59716033935547
2017-11-16,40.07023239135742
2017-11-17,39.84774398803711
2017-11-20,39.80793762207031
2017-11-21,40.5479850769043
2017-11-22,40.974205017089844
2017-11-24,40.97655487060547
2017-11-27,40.77046203613281
2017-11-28,40.531585693359375
2017-11-29,39.690826416015625
2017-11-30,40.24587631225586
2017-12-01,40.05852508544922
2017-12-04,39.76578140258789
2017-12-05,39.72830581665039
2017-12-06,39.58076858520508
2017-12-07,39.653358459472656
2017-12-08,39.665061950683594
2017-12-11,40.43790817260742
2017-12-12,40.210731506347656
2017-12-13,40.34423828125
2017-12-14,40.33251953125
2017-12-15,40.742366790771484
2017-12-18,41.316123962402344
2017-12-19,40.8758430480957
2017-12-20,40.83135223388672
2017-12-21,40.98591613769531
2017-12-22,40.98591613769531
2017-12-26,39.94611358642578
2017-12-27,39.953128814697266
2017-12-28,40.0655517578125
2017-12-29,39.63229751586914
2018-01-02,40.34188461303711
2018-01-03,40.33487319946289
2018-01-04,40.52223205566406
2018-01-05,40.98358154296875
2018-01-08,40.83135223388672
2018-01-09,40.826663970947266
2018-01-10,40.81729507446289
2018-01-11,41.04914474487305
2018-01-12,41.4730339050293
2018-01-16,41.262264251708984
2018-01-17,41.94375991821289
2018-01-18,41.98122787475586
2018-01-19,41.79388427734375
2018-01-22,41.45195007324219
2018-01-23,41.4613151550293
2018-01-24,40.8009033203125
2018-01-25,40.07257080078125
2018-01-26,40.166255950927734
2018-01-29,39.33486557006836
2018-01-30,39.10301208496094
2018-01-31,39.21074676513672
2018-02-01,39.292701721191406
2018-02-02,37.587791442871094
2018-02-05,36.648677825927734
2018-02-06,38.180301666259766
2018-02-07,37.36296844482422
2018-02-08,36.334869384765625
2018-02-09,36.779296875
2018-02-12,38.26071548461914
2018-02-13,38.644004821777344
2018-02-14,39.35649108886719
2018-02-15,40.67802810668945
2018-02-16,40.54633331298828
2018-02-20,40.40995788574219
2018-02-21,40.22654724121094
2018-02-22,40.56279754638672
2018-02-23,41.26823806762695
2018-02-26,42.084197998046875
2018-02-27,41.94782257080078
2018-02-28,41.88431930541992
2018-03-01,41.15068054199219
2018-03-02,41.43519973754883
2018-03-05,41.578636169433594
2018-03-06,41.54336166381836
2018-03-07,41.1577262878418
2018-03-08,41.60686111450195
2018-03-09,42.32170104980469
2018-03-12,42.730865478515625
2018-03-13,42.3193473815918
2018-03-14,41.959571838378906
2018-03-15,42.00895309448242
2018-03-16,41.86082077026367
2018-03-19,41.221214294433594
2018-03-20,41.20710754394531
2018-03-21,40.273563385009766
2018-03-22,39.704524993896484
2018-03-23,38.78509521484375
2018-03-26,40.62628936767578
2018-03-27,39.584590911865234
2018-03-28,39.147220611572266
2018-03-29,39.45291519165039
2018-04-02,39.194252014160156
2018-04-03,39.59634780883789
2018-04-04,40.353519439697266
2018-04-05,40.63334274291992
2018-04-06,39.59400939941406
2018-04-09,39.986690521240234
2018-04-10,40.739173889160156
2018-04-11,40.54869079589844
2018-04-12,40.94843673706055
2018-04-13,41.08717346191406
2018-04-16,41.34349060058594
2018-04-17,41.91254806518555
2018-04-18,41.81848907470703
2018-04-19,40.63334274291992
2018-04-20,38.9685173034668
2018-04-23,38.85562515258789
2018-04-24,38.314788818359375
2018-04-25,38.48175048828125
2018-04-26,38.61579513549805
2018-04-27,38.16900634765625
2018-04-30,38.86034393310547
2018-05-01,39.763309478759766
2018-05-02,41.51984786987305
2018-05-03,41.5951042175293
2018-05-04,43.227027893066406
2018-05-07,43.539756774902344
2018-05-08,43.74903869628906
2018-05-09,44.05708694458008
2018-05-10,44.68726348876953
2018-05-11,44.51731872558594
2018-05-14,44.41345977783203
2018-05-15,44.009796142578125
2018-05-16,44.4205436706543
2018-05-17,44.13963317871094
2018-05-18,43.9791145324707
2018-05-21,44.290706634521484
2018-05-22,44.17975997924805
2018-05-23,44.4630241394043
2018-05-24,44.41345977783203
2018-05-25,44.514957427978516
2018-05-29,44.354434967041016
2018-05-30,44.26001739501953
2018-05-31,44.111297607421875
2018-06-01,44.90681076049805
2018-06-04,45.282135009765625
2018-06-05,45.63148498535156
2018-06-06,45.789642333984375
2018-06-07,45.666900634765625
2018-06-08,45.25143814086914
2018-06-11,45.14049530029297
2018-06-12,45.38835906982422
2018-06-13,45.015380859375
2018-06-14,45.03899002075195
2018-06-15,44.576324462890625
2018-06-18,44.552734375
2018-06-19,43.832763671875
2018-06-20,44.02396774291992
2018-06-21,43.778465270996094
2018-06-22,43.6510009765625
2018-06-25,43.00185012817383
2018-06-26,43.53533172607422
2018-06-27,43.47159957885742
2018-06-28,43.78791427612305
2018-06-29,43.69585037231445
2018-07-02,44.18447494506836
2018-07-03,43.414947509765625
2018-07-05,43.764305114746094
2018-07-06,44.37096405029297
2018-07-09,44.987060546875
2018-07-10,44.932777404785156
2018-07-11,44.34971618652344
2018-07-12,45.09328842163086
2018-07-13,45.16410827636719
2018-07-16,45.06496047973633
2018-07-17,45.19242477416992
2018-07-18,44.94456100463867
2018-07-19,45.29393005371094
2018-07-20,45.1900749206543
2018-07-23,45.23020553588867
2018-07-24,45.55831527709961
2018-07-25,45.9879264831543
2018-07-26,45.84394073486328
2018-07-27,45.08148956298828
2018-07-30,44.82890701293945
2018-07-31,44.91860580444336
2018-08-01,47.56476974487305
2018-08-02,48.95512771606445
2018-08-03,49.09674835205078
2018-08-06,49.351688385009766
2018-08-07,48.889015197753906
2018-08-08,48.922080993652344
2018-08-09,49.30684280395508
2018-08-10,49.15998077392578
2018-08-13,49.47739791870117
2018-08-14,49.68585968017578
2018-08-15,49.80192565917969
2018-08-16,50.53151321411133
2018-08-17,51.54063415527344
2018-08-20,51.0384521484375
2018-08-21,50.9389533996582
2018-08-22,50.94131851196289
2018-08-23,51.04555130004883
2018-08-24,51.204261779785156
2018-08-27,51.62591552734375
2018-08-28,52.042823791503906
2018-08-29,52.819786071777344
2018-08-30,53.30539321899414
2018-08-31,53.92131042480469
2018-09-04,54.09421157836914
2018-09-05,53.74126052856445
2018-09-06,52.84822463989258
2018-09-07,52.421836853027344
2018-09-10,51.71829605102539
2018-09-11,53.025882720947266
2018-09-12,52.36734390258789
2018-09-13,53.63228988647461
2018-09-14,53.02350616455078
2018-09-17,51.611690521240234
2018-09-18,51.69697189331055
2018-09-19,51.7277717590332
2018-09-20,52.12098693847656
2018-09-21,51.5595703125
2018-09-24,52.3010139465332
2018-09-25,52.632659912109375
2018-09-26,52.21337890625
2018-09-27,53.28643798828125
2018-09-28,53.47359085083008
2018-10-01,53.833641052246094
2018-10-02,54.3121337890625
2018-10-03,54.97304916381836
2018-10-04,54.006568908691406
2018-10-05,53.130104064941406
2018-10-08,53.00693130493164
2018-10-09,53.74126052856445
2018-10-10,51.25164031982422
2018-10-11,50.79920196533203
2018-10-12,52.61369705200195
2018-10-15,51.48851776123047
2018-10-16,52.62317657470703
2018-10-17,52.39577102661133
2018-10-18,51.17109680175781
2018-10-19,51.950443267822266
2018-10-22,52.267852783203125
2018-10-23,52.76056671142578
2018-10-24,50.950801849365234
2018-10-25,52.066505432128906
2018-10-26,51.237422943115234
2018-10-29,50.275699615478516
2018-10-30,50.52677917480469
2018-10-31,51.84384536743164
2018-11-01,52.63976287841797
2018-11-02,49.148128509521484
2018-11-05,47.75289535522461
2018-11-06,48.26930618286133
2018-11-07,49.73322677612305
2018-11-08,49.55971145629883
2018-11-09,48.60411834716797
2018-11-12,46.15573501586914
2018-11-13,45.69456481933594
2018-11-14,44.403812408447266
2018-11-15,45.49964141845703
2018-11-16,46.003597259521484
2018-11-19,44.180381774902344
2018-11-20,42.06953430175781
2018-11-21,42.021995544433594
2018-11-23,40.954681396484375
2018-11-26,41.50852966308594
2018-11-27,41.418216705322266
2018-11-28,43.0108528137207
2018-11-29,42.68044662475586
2018-11-30,42.44986343383789
2018-12-03,43.93315505981445
2018-12-04,42.000587463378906
2018-12-06,41.53230667114258
2018-12-07,40.051387786865234
2018-12-10,40.31524658203125
2018-12-11,40.08466339111328
2018-12-12,40.19639587402344
2018-12-13,40.63615417480469
2018-12-14,39.33589553833008
2018-12-17,38.969810485839844
2018-12-18,39.476131439208984
2018-12-19,38.24482345581055
2018-12-20,37.27971649169922
2018-12-21,35.829708099365234
2018-12-24,34.90263748168945
2018-12-26,37.360530853271484
2018-12-27,37.118080139160156
2018-12-28,37.1370849609375
2018-12-31,37.49602508544922
2019-01-02,37.53881072998047
2019-01-03,33.799678802490234
2019-01-04,35.24256134033203
2019-01-07,35.16411209106445
2019-01-08,35.834449768066406
2019-01-09,36.4429817199707
2019-01-10,36.55946731567383
2019-01-11,36.200523376464844
2019-01-14,35.65617752075195
2019-01-15,36.38593673706055
2019-01-16,36.830467224121094
2019-01-17,37.04914093017578
2019-01-18,37.27734375
2019-01-22,36.44060516357422
2019-01-23,36.58798599243164
2019-01-24,36.29800033569336
2019-01-25,37.50078582763672
2019-01-28,37.15373229980469
2019-01-29,36.768653869628906
2019-01-30,39.28120803833008
2019-01-31,39.564090728759766
2019-02-01,39.58311080932617
2019-02-04,40.70746612548828
2019-02-05,41.4039421081543
2019-02-06,41.418216705322266
2019-02-07,40.6337776184082
2019-02-08,40.68152618408203
2019-02-11,40.44755935668945
2019-02-12,40.79612350463867
2019-02-13,40.626609802246094
2019-02-14,40.77460861206055
2019-02-15,40.68390655517578
2019-02-19,40.805660247802734
2019-02-20,41.06826400756836
2019-02-21,40.836692810058594
2019-02-22,41.292659759521484
2019-02-25,41.593467712402344
2019-02-26,41.617332458496094
2019-02-27,41.74623107910156
2019-02-28,41.33563232421875
2019-03-01,41.77012634277344
2019-03-04,41.98019790649414
2019-03-05,41.90380859375
2019-03-06,41.66268539428711
2019-03-07,41.18045425415039
2019-03-08,41.27833557128906
2019-03-11,42.708316802978516
2019-03-12,43.18815231323242
2019-03-13,43.3791389465332
2019-03-14,43.861358642578125
2019-03-15,44.43192672729492
2019-03-18,44.885501861572266
2019-03-19,44.52980041503906
2019-03-20,44.918922424316406
2019-03-21,46.57331085205078
2019-03-22,45.60885238647461
2019-03-25,45.057403564453125
2019-03-26,44.59186553955078
2019-03-27,44.992950439453125
2019-03-28,45.05261993408203
2019-03-29,45.34624481201172
2019-04-01,45.65422058105469
2019-04-02,46.31786346435547
2019-04-03,46.635372161865234
2019-04-04,46.71654510498047
2019-04-05,47.02927780151367
2019-04-08,47.76933288574219
2019-04-09,47.626094818115234
2019-04-10,47.89345932006836
2019-04-11,47.49480056762695
2019-04-12,47.47568893432617
2019-04-15,47.56163787841797
2019-04-16,47.5664176940918
2019-04-17,48.4926872253418
2019-04-18,48.66695022583008
2019-04-22,48.8268928527832
2019-04-23,49.5311393737793
2019-04-24,49.454750061035156
2019-04-25,49.00593566894531
2019-04-26,48.7719841003418
2019-04-29,48.84600067138672
2019-04-30,47.90541076660156
2019-05-01,50.256874084472656
2019-05-02,49.929813385009766
2019-05-03,50.55051040649414
2019-05-06,49.769874572753906
2019-05-07,48.428218841552734
2019-05-08,48.43776321411133
2019-05-09,47.917335510253906
2019-05-10,47.25352478027344
2019-05-13,44.507171630859375
2019-05-14,45.211727142333984
2019-05-15,45.753318786621094
2019-05-16,45.552032470703125
2019-05-17,45.29322052001953
2019-05-20,43.876888275146484
2019-05-21,44.71805953979492
2019-05-22,43.802608489990234
2019-05-23,43.0549201965332
2019-05-24,42.88956069946289
2019-05-28,42.71221923828125
2019-05-29,42.508514404296875
2019-05-30,42.7289924621582
2019-05-31,41.95493698120117
2019-06-03,41.530765533447266
2019-06-04,43.05012512207031
2019-06-05,43.745094299316406
2019-06-06,44.387351989746094
2019-06-07,45.568809509277344
2019-06-10,46.15114974975586
2019-06-11,46.68556594848633
2019-06-12,46.536983489990234
2019-06-13,46.527400970458984
2019-06-14,46.18949508666992
2019-06-17,46.465091705322266
2019-06-18,47.557884216308594
2019-06-19,47.418880462646484
2019-06-20,47.799922943115234
2019-06-21,47.63695526123047
2019-06-24,47.589027404785156
2019-06-25,46.8676872253418
2019-06-26,47.88140106201172
2019-06-27,47.867034912109375
2019-06-28,47.43086624145508
2019-07-01,48.30078887939453
2019-07-02,48.583553314208984
2019-07-03,48.98617935180664
2019-07-05,48.94303894042969
2019-07-08,47.934120178222656
2019-07-09,48.226497650146484
2019-07-10,48.70338821411133
2019-07-11,48.34870147705078
2019-07-12,48.72016525268555
2019-07-15,49.177894592285156
2019-07-16,49.00773620605469
2019-07-17,48.732147216796875
2019-07-18,49.28572463989258
2019-07-19,48.55001449584961
2019-07-22,49.659584045410156
2019-07-23,50.04780578613281
2019-07-24,50.00706100463867
2019-07-25,49.61166000366211
2019-07-26,49.7841911315918
2019-07-29,50.24910354614258
2019-07-30,50.03342056274414
2019-07-31,51.0543098449707
2019-08-01,49.94955062866211
2019-08-02,48.89270782470703
2019-08-05,46.33327102661133
2019-08-06,47.21038055419922
2019-08-07,47.69926071166992
2019-08-08,48.751312255859375
2019-08-09,48.34959030151367
2019-08-12,48.226905822753906
2019-08-13,50.26922607421875
2019-08-14,48.77296829223633
2019-08-15,48.530006408691406
2019-08-16,49.675048828125
2019-08-19,50.6011962890625
2019-08-20,50.60360336303711
2019-08-21,51.152076721191406
2019-08-22,51.10877990722656
2019-08-23,48.74650955200195
2019-08-26,49.672645568847656
2019-08-27,49.11215591430664
2019-08-28,49.44171142578125
2019-08-29,50.27886199951172
2019-08-30,50.21390914916992
2019-09-03,49.482608795166016
2019-09-04,50.3221549987793
2019-09-05,51.306034088134766
2019-09-06,51.30121612548828
2019-09-09,51.52012634277344
2019-09-10,52.12873840332031
2019-09-11,53.78617858886719
2019-09-12,53.66590118408203
2019-09-13,52.62187957763672
2019-09-16,52.89852523803711
2019-09-17,53.090980529785156
2019-09-18,53.58891677856445
2019-09-19,53.15351867675781
2019-09-20,52.37650680541992
2019-09-23,52.61465835571289
2019-09-24,52.36448669433594
2019-09-25,53.17035675048828
2019-09-26,52.89611053466797
2019-09-27,52.63871383666992
2019-09-30,53.87759017944336
2019-10-01,54.0267219543457
2019-10-02,52.67240524291992
2019-10-03,53.119834899902344
2019-10-04,54.60887908935547
2019-10-07,54.620914459228516
2019-10-08,53.98102951049805
2019-10-09,54.61368942260742
2019-10-10,55.349796295166016
2019-10-11,56.8220100402832
2019-10-14,56.74021530151367
2019-10-15,56.60791015625
2019-10-16,56.379371643066406
2019-10-17,56.598289489746094
2019-10-18,56.8701171875
2019-10-21,57.85639953613281
2019-10-22,57.72410202026367
2019-10-23,58.498687744140625
2019-10-24,58.594913482666016
2019-10-25,59.31658935546875
2019-10-28,59.91075897216797
2019-10-29,58.525150299072266
2019-10-30,58.51792526245117
2019-10-31,59.840999603271484
2019-11-01,61.539337158203125
2019-11-04,61.943477630615234
2019-11-05,61.854469299316406
2019-11-06,61.88092041015625
2019-11-07,62.59511184692383
2019-11-08,62.766422271728516
2019-11-11,63.26347732543945
2019-11-12,63.205535888671875
2019-11-13,63.81116485595703
2019-11-14,63.36960220336914
2019-11-15,64.12242126464844
2019-11-18,64.44573211669922
2019-11-19,64.25028991699219
2019-11-20,63.502323150634766
2019-11-21,63.21760559082031
2019-11-22,63.162109375
2019-11-25,64.26958465576172
2019-11-26,63.76773452758789
2019-11-27,64.62427520751953
2019-11-29,64.48192596435547
2019-12-02,63.736358642578125
2019-12-03,62.59992980957031
2019-12-04,63.1524658203125
2019-12-05,64.07896423339844
2019-12-06,65.31675720214844
2019-12-09,64.40230560302734
2019-12-10,64.7786865234375
2019-12-11,65.33121490478516
2019-12-12,65.49768829345703
2019-12-13,66.38801574707031
2019-12-16,67.52445220947266
2019-12-17,67.65715789794922
2019-12-18,67.4954833984375
2019-12-19,67.56304168701172
2019-12-20,67.42312622070312
2019-12-23,68.52334594726562
2019-12-24,68.58848571777344
2019-12-26,69.94930267333984
2019-12-27,69.9227523803711
2019-12-30,70.33776092529297
2019-12-31,70.85169219970703
2020-01-02,72.46827697753906
2020-01-03,71.76373291015625
2020-01-06,72.33554077148438
2020-01-07,71.995361328125
2020-01-08,73.15349578857422
2020-01-09,74.70733642578125
2020-01-10,74.876220703125
2020-01-13,76.47590637207031
2020-01-14,75.44322204589844
2020-01-15,75.11991882324219
2020-01-16,76.06092834472656
2020-01-17,76.9029769897461
2020-01-21,76.38182067871094
2020-01-22,76.65444946289062
2020-01-23,77.02362823486328
2020-01-24,76.80162048339844
2020-01-27,74.54327392578125
2020-01-28,76.65205383300781
2020-01-29,78.25653839111328
2020-01-30,78.14317321777344
2020-01-31,74.67837524414062
2020-02-03,74.47330474853516
2020-02-04,76.93193817138672
2020-02-05,77.55926513671875
2020-02-06,78.46646881103516
2020-02-07,77.39990234375
2020-02-10,77.76750183105469
2020-02-11,77.29833221435547
2020-02-12,79.13397979736328
2020-02-13,78.5704574584961
2020-02-14,78.58982849121094
2020-02-18,77.15079498291016
2020-02-19,78.26814270019531
2020-02-20,77.46517944335938
2020-02-21,75.71175384521484
2020-02-24,72.11544036865234
2020-02-25,69.67271423339844
2020-02-26,70.77799224853516
2020-02-27,66.1513442993164
2020-02-28,66.11265563964844
2020-03-02,72.26781463623047
2020-03-03,69.97261810302734
2020-03-04,73.21827697753906
2020-03-05,70.84329223632812
2020-03-06,69.90248107910156
2020-03-09,64.37376403808594
2020-03-10,69.01005554199219
2020-03-11,66.6133041381836
2020-03-12,60.034915924072266
2020-03-13,67.22759246826172
2020-03-16,58.5789680480957
2020-03-17,61.154701232910156
2020-03-18,59.65764236450195
2020-03-19,59.20053482055664
2020-03-20,55.442161560058594
2020-03-23,54.264339447021484
2020-03-24,59.70842742919922
2020-03-25,59.379493713378906
2020-03-26,62.50424575805664
2020-03-27,59.91642379760742
2020-03-30,61.626312255859375
2020-03-31,61.50054931640625
2020-04-01,58.26456832885742
2020-04-02,59.236793518066406
2020-04-03,58.3854866027832
2020-04-06,63.47890853881836
2020-04-07,62.74365997314453
2020-04-08,64.3495864868164
2020-04-09,64.81392669677734
2020-04-13,66.08604431152344
2020-04-14,69.4236068725586
2020-04-15,68.78997039794922
2020-04-16,69.3365478515625
2020-04-17,68.39573669433594
2020-04-20,66.97607421875
2020-04-21,64.90580749511719
2020-04-22,66.77531433105469
2020-04-23,66.51657104492188
2020-04-24,68.43685913085938
2020-04-27,68.4852294921875
2020-04-28,67.37513732910156
2020-04-29,69.58808135986328
2020-04-30,71.05610656738281
2020-05-01,69.91214752197266
2020-05-04,70.9013442993164
2020-05-05,71.96549987792969
2020-05-06,72.70797729492188
2020-05-07,73.46012878417969
2020-05-08,75.20860290527344
2020-05-11,76.39203643798828
2020-05-12,75.5190200805664
2020-05-13,74.60718536376953
2020-05-14,75.06550598144531
2020-05-15,74.62173461914062
2020-05-18,76.3799057006836
2020-05-19,75.93856811523438
2020-05-20,77.41541290283203
2020-05-21,76.8382568359375
2020-05-22,77.33295440673828
2020-05-26,76.80915832519531
2020-05-27,77.14381408691406
2020-05-28,77.1777572631836
2020-05-29,77.10257720947266
2020-06-01,78.05078125
2020-06-02,78.41211700439453
2020-06-03,78.84376525878906
2020-06-04,78.16475677490234
2020-06-05,80.39095306396484
2020-06-08,80.86628723144531
2020-06-09,83.41987609863281
2020-06-10,85.56605529785156
2020-06-11,81.45799255371094
2020-06-12,82.16127014160156
2020-06-15,83.1773681640625
2020-06-16,85.38175201416016
2020-06-17,85.26293182373047
2020-06-18,85.296875
2020-06-19,84.80944061279297
2020-06-22,87.02838134765625
2020-06-23,88.88597869873047
2020-06-24,87.31697082519531
2020-06-25,88.47614288330078
2020-06-26,85.75765228271484
2020-06-29,87.73406982421875
2020-06-30,88.46644592285156
2020-07-01,88.29911041259766
2020-07-02,88.29911041259766
2020-07-06,90.66111755371094
2020-07-07,90.37982177734375
2020-07-08,92.48477935791016
2020-07-09,92.88248443603516
2020-07-10,93.04496002197266
2020-07-13,92.61573028564453
2020-07-14,94.14838409423828
2020-07-15,94.79586791992188
2020-07-16,93.62942504882812
2020-07-17,93.44023132324219
2020-07-20,95.40940856933594
2020-07-21,94.09259033203125
2020-07-22,94.35694122314453
2020-07-23,90.06214141845703
2020-07-24,89.83903503417969
2020-07-27,91.96824645996094
2020-07-28,90.4574203491211
2020-07-29,92.19137573242188
2020-07-30,93.30689239501953
2020-07-31,103.07504272460938
2020-08-03,105.67230224609375
2020-08-04,106.37799072265625
2020-08-05,106.76359558105469
2020-08-06,110.48847198486328
2020-08-07,107.97643280029297
2020-08-10,109.54584503173828
2020-08-11,106.28797912597656
2020-08-12,109.82038116455078
2020-08-13,111.76393127441406
2020-08-14,111.6643295288086
2020-08-17,111.3727798461914
2020-08-18,112.30083465576172
2020-08-19,112.4417495727539
2020-08-20,114.93678283691406
2020-08-21,120.8597412109375
2020-08-24,122.3052749633789
2020-08-25,121.30191040039062
2020-08-26,122.95149993896484
2020-08-27,121.48169708251953
2020-08-28,121.28491973876953
2020-08-31,125.3979263305664
2020-09-01,130.39288330078125
2020-09-02,127.6912841796875
2020-09-03,117.46826171875
2020-09-04,117.54598999023438
2020-09-08,109.63572692871094
2020-09-09,114.00872039794922
2020-09-10,110.28681945800781
2020-09-11,108.83888244628906
2020-09-14,112.10406494140625
2020-09-15,112.27896881103516
2020-09-16,108.96520233154297
2020-09-17,107.22574615478516
2020-09-18,103.82450866699219
2020-09-21,106.97306823730469
2020-09-22,108.65422821044922
2020-09-23,104.09660339355469
2020-09-24,105.16558074951172
2020-09-25,109.11099243164062
2020-09-28,111.71532440185547
2020-09-29,110.86988830566406
2020-09-30,112.5413589477539
2020-10-01,113.49369049072266
2020-10-02,109.83009338378906
2020-10-05,113.21187591552734
2020-10-06,109.96613311767578
2020-10-07,111.83194732666016
2020-10-08,111.7250747680664
2020-10-09,113.66860961914062
2020-10-12,120.88890838623047
2020-10-13,117.68204498291016
2020-10-14,117.76951599121094
2020-10-15,117.30305480957031
2020-10-16,115.66073608398438
2020-10-19,112.70657348632812
2020-10-20,114.19336700439453
2020-10-21,113.57144165039062
2020-10-22,112.4830322265625
2020-10-23,111.7930679321289
2020-10-26,111.80280303955078
2020-10-27,113.3090591430664
2020-10-28,108.06147003173828
2020-10-29,112.065185546875
2020-10-30,105.78750610351562
2020-11-02,105.70003509521484
2020-11-03,107.32292175292969
2020-11-04,111.70563507080078
2020-11-05,115.67047119140625
2020-11-06,115.5390625
2020-11-09,113.23197174072266
2020-11-10,112.89125061035156
2020-11-11,116.31782531738281
2020-11-12,116.04524230957031
2020-11-13,116.09393310546875
2020-11-16,117.1063232421875
2020-11-17,116.220458984375
2020-11-18,114.89656829833984
2020-11-19,115.49037170410156
2020-11-20,114.22490692138672
2020-11-23,110.82754516601562
2020-11-24,112.11249542236328
2020-11-25,112.94965362548828
2020-11-27,113.49480438232422
2020-11-30,115.8895034790039
2020-12-01,119.46205139160156
2020-12-02,119.81251525878906
2020-12-03,119.67622375488281
2020-12-04,119.0045394897461
2020-12-07,120.46472930908203
2020-12-08,121.07801055908203
2020-12-09,118.54700469970703
2020-12-10,119.96827697753906
2020-12-11,119.1603012084961
2020-12-14,118.54700469970703
2020-12-15,124.48506927490234
2020-12-16,124.41694641113281
2020-12-17,125.2833023071289
2020-12-18,123.2974624633789
2020-12-21,124.82579803466797
2020-12-22,128.37889099121094
2020-12-23,127.48330688476562
2020-12-24,128.4665069580078
2020-12-28,133.06118774414062
2020-12-29,131.28948974609375
2020-12-30,130.1700439453125
2020-12-31,129.1674041748047
2021-01-04,125.97444915771484
2021-01-05,127.53199005126953
2021-01-06,123.23907470703125
2021-01-07,127.44438934326172
2021-01-08,128.54437255859375
2021-01-11,125.55587005615234
2021-01-12,125.38067626953125
2021-01-13,127.41515350341797
2021-01-14,125.48773193359375
2021-01-15,123.76472473144531
2021-01-19,124.43640899658203
2021-01-20,128.52488708496094
2021-01-21,133.23641967773438
2021-01-22,135.3780517578125
2021-01-25,139.1258087158203
2021-01-26,139.3594207763672
2021-01-27,138.2886199951172
2021-01-28,133.4505615234375
2021-01-29,128.45677185058594
2021-02-01,130.5789031982422
2021-02-02,131.40631103515625
2021-02-03,130.3842315673828
2021-02-04,133.7426300048828
2021-02-05,133.3282470703125
2021-02-08,133.47451782226562
2021-02-09,132.59710693359375
2021-02-10,131.99266052246094
2021-02-11,131.73919677734375
2021-02-12,131.97315979003906
2021-02-16,129.84786987304688
2021-02-17,127.55684661865234
2021-02-18,126.4552001953125
2021-02-19,126.61115264892578
2021-02-22,122.8382797241211
2021-02-23,122.70179748535156
2021-02-24,122.20459747314453
2021-02-25,117.9539794921875
2021-02-26,118.21720886230469
2021-03-01,124.58335876464844
2021-03-02,121.98036193847656
2021-03-03,118.99713897705078
2021-03-04,117.11559295654297
2021-03-05,118.37321472167969
2021-03-08,113.44017028808594
2021-03-09,118.0514907836914
2021-03-10,116.96934509277344
2021-03-11,118.89965057373047
2021-03-12,117.99298095703125
2021-03-15,120.87871551513672
2021-03-16,122.41905975341797
2021-03-17,121.62938690185547
2021-03-18,117.50553131103516
2021-03-19,116.97907257080078
2021-03-22,120.29376983642578
2021-03-23,119.46510314941406
2021-03-24,117.07656860351562
2021-03-25,117.56403350830078
2021-03-26,118.16847229003906
2021-03-29,118.34394836425781
2021-03-30,116.89134216308594
2021-03-31,119.08489227294922
2021-04-01,119.9135513305664
2021-04-05,122.74078369140625
2021-04-06,123.04301452636719
2021-04-07,124.69058990478516
2021-04-08,127.08887481689453
2021-04-09,129.6626434326172
2021-04-12,127.94682312011719
2021-04-13,131.0567169189453
2021-04-14,128.71694946289062
2021-04-15,131.12498474121094
2021-04-16,130.79351806640625
2021-04-19,131.4564666748047
2021-04-20,129.76988220214844
2021-04-21,130.15008544921875
2021-04-22,128.62921142578125
2021-04-23,130.94949340820312
2021-04-26,131.33949279785156
2021-04-27,131.01776123046875
2021-04-28,130.2280731201172
2021-04-29,130.1305694580078
2021-04-30,128.16128540039062
2021-05-03,129.21414184570312
2021-05-04,124.64186096191406
2021-05-05,124.88558959960938
2021-05-06,126.48444366455078
2021-05-07,127.15826416015625
2021-05-10,123.87700653076172
2021-05-11,122.95903778076172
2021-05-12,119.89263153076172
2021-05-13,122.04107666015625
2021-05-14,124.46292114257812
2021-05-17,123.31060791015625
2021-05-18,121.92388916015625
2021-05-19,121.76762390136719
2021-05-20,124.32622528076172
2021-05-21,122.49028015136719
2021-05-24,124.12114715576172
2021-05-25,123.92582702636719
2021-05-26,123.87700653076172
2021-05-27,122.34381103515625
2021-05-28,121.68950653076172
2021-06-01,121.36722564697266
2021-06-02,122.12894439697266
2021-06-03,120.64456176757812
2021-06-04,122.93950653076172
2021-06-07,122.94927215576172
2021-06-08,123.76956939697266
2021-06-09,124.15044403076172
2021-06-10,123.15434265136719
2021-06-11,124.36528015136719
2021-06-14,127.42190551757812
2021-06-15,126.60160827636719
2021-06-16,127.09967041015625
2021-06-17,128.7012176513672
2021-06-18,127.40241241455078
2021-06-21,129.19923400878906
2021-06-22,130.83987426757812
2021-06-23,130.5664520263672
2021-06-24,130.28323364257812
2021-06-25,129.9903106689453
2021-06-28,131.62118530273438
2021-06-29,133.13478088378906
2021-06-30,133.7500457763672
2021-07-01,134.05279541015625
2021-07-02,136.6797637939453
2021-07-06,138.6914520263672
2021-07-07,141.1817169189453
2021-07-08,139.88287353515625
2021-07-09,141.70904541015625
2021-07-12,141.11334228515625
2021-07-13,142.2266387939453
2021-07-14,145.6543731689453
2021-07-15,145.0000762939453
2021-07-16,142.95907592773438
2021-07-19,139.1114044189453
2021-07-20,142.7246551513672
2021-07-21,141.9922332763672
2021-07-22,143.35943603515625
2021-07-23,145.07815551757812
2021-07-26,145.49810791015625
2021-07-27,143.33016967773438
2021-07-28,141.5820770263672
2021-07-29,142.2266387939453
2021-07-30,142.44146728515625
2021-08-02,142.10940551757812
2021-08-03,143.90631103515625
2021-08-04,143.50592041015625
2021-08-05,143.61334228515625
2021-08-06,142.92872619628906
2021-08-09,142.8798065185547
2021-08-10,142.40060424804688
2021-08-11,142.65487670898438
2021-08-12,145.61831665039062
2021-08-13,145.82373046875
2021-08-16,147.79930114746094
2021-08-17,146.88973999023438
2021-08-18,143.14390563964844
2021-08-19,143.47645568847656
2021-08-20,144.93368530273438
2021-08-23,146.42030334472656
2021-08-24,146.33226013183594
2021-08-25,145.09991455078125
2021-08-26,144.29800415039062
2021-08-27,145.3346710205078
2021-08-30,149.75531005859375
2021-08-31,148.49371337890625
2021-09-01,149.15875244140625
2021-09-02,150.27371215820312
2021-09-03,150.90939331054688
2021-09-07,153.2469024658203
2021-09-08,151.70159912109375
2021-09-09,150.68450927734375
2021-09-10,145.69654846191406
2021-09-13,146.2637939453125
2021-09-14,144.865234375
2021-09-15,145.75523376464844
2021-09-16,145.52047729492188
2021-09-17,142.85047912597656
2021-09-20,139.79904174804688
2021-09-21,140.27825927734375
2021-09-22,142.64508056640625
2021-09-23,143.60357666015625
2021-09-24,143.69158935546875
2021-09-27,142.1756591796875
2021-09-28,138.79168701171875
2021-09-29,139.69146728515625
2021-09-30,138.39064025878906
2021-10-01,139.51539611816406
2021-10-04,136.08255004882812
2021-10-05,138.00926208496094
2021-10-06,138.8797149658203
2021-10-07,140.141357421875
2021-10-08,139.7598876953125
2021-10-11,139.67190551757812
2021-10-12,138.40045166015625
2021-10-13,137.8136749267578
2021-10-14,140.60104370117188
2021-10-15,141.6572723388672
2021-10-18,143.32977294921875
2021-10-19,145.49118041992188
2021-10-20,145.9801788330078
2021-10-21,146.19532775878906
2021-10-22,145.42266845703125
2021-10-25,145.37379455566406
2021-10-26,146.03884887695312
2021-10-27,145.57913208007812
2021-10-28,149.21746826171875
2021-10-29,146.50833129882812
2021-11-01,145.68678283691406
2021-11-02,146.7234649658203
2021-11-03,148.16119384765625
2021-11-04,147.64280700683594
2021-11-05,148.17172241210938
2021-11-08,147.34896850585938
2021-11-09,147.7113800048828
2021-11-10,144.8807373046875
2021-11-11,144.83177185058594
2021-11-12,146.908203125
2021-11-15,146.91798400878906
2021-11-16,147.89747619628906
2021-11-17,150.3363037109375
2021-11-18,154.6262969970703
2021-11-19,157.2512664794922
2021-11-22,157.71156311035156
2021-11-23,158.09359741210938
2021-11-24,158.61268615722656
2021-11-26,153.588134765625
2021-11-29,156.94761657714844
2021-11-30,161.90365600585938
2021-12-01,161.384521484375
2021-12-02,160.3953094482422
2021-12-03,158.5147247314453
2021-12-06,161.9232635498047
2021-12-07,167.66282653808594
2021-12-08,171.48269653320312
2021-12-09,170.973388671875
2021-12-10,175.7628936767578
2021-12-13,172.129150390625
2021-12-14,170.7481231689453
2021-12-15,175.6160125732422
2021-12-16,168.7206573486328
2021-12-17,167.62367248535156
2021-12-20,166.26219177246094
2021-12-21,169.43565368652344
2021-12-22,172.03121948242188
2021-12-23,172.65805053710938
2021-12-27,176.6248779296875
2021-12-28,175.606201171875
2021-12-29,175.69436645507812
2021-12-30,174.53860473632812
2021-12-31,173.92153930664062
2022-01-03,178.2703094482422
2022-01-04,176.00778198242188
2022-01-05,171.32594299316406
2022-01-06,168.46600341796875
2022-01-07,168.63250732421875
2022-01-10,168.652099609375
2022-01-11,171.48269653320312
2022-01-12,171.9234619140625
2022-01-13,168.652099609375
2022-01-14,169.5140380859375
2022-01-18,166.31121826171875
2022-01-19,162.81455993652344
2022-01-20,161.1298828125
2022-01-21,159.0730438232422
2022-01-24,158.2992706298828
2022-01-25,156.49708557128906
2022-01-26,156.4088897705078
2022-01-27,155.94857788085938
2022-01-28,166.83030700683594
2022-01-31,171.18887329101562
2022-02-01,171.02235412597656
2022-02-02,172.22708129882812
2022-02-03,169.34751892089844
2022-02-04,169.06314086914062
2022-02-07,168.3472137451172
2022-02-08,171.45602416992188
2022-02-09,172.87803649902344
2022-02-10,168.79830932617188
2022-02-11,165.3854522705078
2022-02-14,165.620849609375
2022-02-15,169.45535278320312
2022-02-16,169.22000122070312
2022-02-17,165.620849609375
2022-02-18,164.07131958007812
2022-02-22,161.1488494873047
2022-02-23,156.98085021972656
2022-02-24,159.59933471679688
2022-02-25,161.6686248779297
2022-02-28,161.9334259033203
2022-03-01,160.0504608154297
2022-03-02,163.34559631347656
2022-03-03,163.0220184326172
2022-03-04,160.0210418701172
2022-03-07,156.22572326660156
2022-03-08,154.40162658691406
2022-03-09,159.80526733398438
2022-03-10,155.46080017089844
2022-03-11,151.74391174316406
2022-03-14,147.71322631835938
2022-03-15,152.09695434570312
2022-03-16,156.51014709472656
2022-03-17,157.5202178955078
2022-03-18,160.81541442871094
2022-03-21,162.18836975097656
2022-03-22,165.56201171875
2022-03-23,166.92518615722656
2022-03-24,170.71067810058594
2022-03-25,171.34814453125
2022-03-28,172.21116638183594
2022-03-29,175.5063018798828
2022-03-30,174.33926391601562
2022-03-31,171.2402801513672
2022-04-01,170.94602966308594
2022-04-04,174.996337890625
2022-04-05,171.68157958984375
2022-04-06,168.51390075683594
2022-04-07,168.81793212890625
2022-04-08,166.8074951171875
2022-04-11,162.55125427246094
2022-04-12,164.4243927001953
2022-04-13,167.1115264892578
2022-04-14,162.10011291503906
2022-04-18,161.8843536376953
2022-04-19,164.1693572998047
2022-04-20,164.00265502929688
2022-04-21,163.2083282470703
2022-04-22,158.6676483154297
2022-04-25,159.7366180419922
2022-04-26,153.7739715576172
2022-04-27,153.54840087890625
2022-04-28,160.48194885253906
2022-04-29,154.60757446289062
2022-05-02,154.91160583496094
2022-05-03,156.40225219726562
2022-05-04,162.8160400390625
2022-05-05,153.74453735351562
2022-05-06,154.4713134765625
2022-05-09,149.3445587158203
2022-05-10,151.75076293945312
2022-05-11,143.8838653564453
2022-05-12,140.01419067382812
2022-05-13,144.48294067382812
2022-05-16,142.9409637451172
2022-05-17,146.5749053955078
2022-05-18,138.30528259277344
2022-05-19,134.89723205566406
2022-05-20,135.13296508789062
2022-05-23,140.5543670654297
2022-05-24,137.85345458984375
2022-05-25,138.0106201171875
2022-05-26,141.21240234375
2022-05-27,146.9677734375
2022-05-31,146.1820526123047
2022-06-01,146.05438232421875
2022-06-02,148.50973510742188
2022-06-03,142.78382873535156
2022-06-06,143.53028869628906
2022-06-07,146.05438232421875
2022-06-08,145.3177947998047
2022-06-09,140.0927734375
2022-06-10,134.68116760253906
2022-06-13,129.52493286132812
2022-06-14,130.3892059326172
2022-06-15,133.0115203857422
2022-06-16,127.7374267578125
2022-06-17,129.21063232421875
2022-06-21,133.44366455078125
2022-06-22,132.93295288085938
2022-06-23,135.80079650878906
2022-06-24,139.1302947998047
2022-06-27,139.1302947998047
2022-06-28,134.98561096191406
2022-06-29,136.74366760253906
2022-06-30,134.2784881591797
2022-07-01,136.4490203857422
2022-07-05,139.03204345703125
2022-07-06,140.36778259277344
2022-07-07,143.7365264892578
2022-07-08,144.41416931152344
2022-07-11,142.28289794921875
2022-07-12,143.2552490234375
2022-07-13,142.89186096191406
2022-07-14,145.8186492919922
2022-07-15,147.48831176757812
2022-07-18,144.4436492919922
2022-07-19,148.30345153808594
2022-07-20,150.30702209472656
2022-07-21,152.57582092285156
2022-07-22,151.33828735351562
2022-07-25,150.2186737060547
2022-07-26,148.8927764892578
2022-07-27,153.99008178710938
2022-07-28,154.5400848388672
2022-07-29,159.6079559326172
2022-08-01,158.6258087158203
2022-08-02,157.15257263183594
2022-08-03,163.16326904296875
2022-08-04,162.84902954101562
2022-08-05,162.62278747558594
2022-08-08,162.15069580078125
2022-08-09,162.19989013671875
2022-08-10,166.4486541748047
2022-08-11,165.7110137939453
2022-08-12,169.26144409179688
2022-08-15,170.33348083496094
2022-08-16,170.1761016845703
2022-08-17,171.67103576660156
2022-08-18,171.2776336669922
2022-08-19,168.69107055664062
2022-08-22,164.80618286132812
2022-08-23,164.47178649902344
2022-08-24,164.76683044433594
2022-08-25,167.22560119628906
2022-08-26,160.9213104248047
2022-08-29,158.71829223632812
2022-08-30,156.28900146484375
2022-08-31,154.6269073486328
2022-09-01,155.3546905517578
2022-09-02,153.2401123046875
2022-09-06,151.9812469482422
2022-09-07,153.3876953125
2022-09-08,151.9124298095703
2022-09-09,154.7744140625
2022-09-12,160.7344512939453
2022-09-13,151.30264282226562
2022-09-14,152.7483673095703
2022-09-15,149.8568572998047
2022-09-16,148.21441650390625
2022-09-19,151.9320526123047
2022-09-20,154.31214904785156
2022-09-21,151.18460083007812
2022-09-22,150.22080993652344
2022-09-23,147.94886779785156
2022-09-26,148.28326416015625
2022-09-27,149.2569580078125
2022-09-28,147.36859130859375
2022-09-29,140.12997436523438
2022-09-30,135.92056274414062
2022-10-03,140.1004638671875
2022-10-04,143.6902618408203
2022-10-05,143.98533630371094
2022-10-06,143.03135681152344
2022-10-07,137.7794189453125
2022-10-10,138.1039581298828
2022-10-11,136.68772888183594
2022-10-12,136.05825805664062
2022-10-13,140.6316375732422
2022-10-14,136.09762573242188
2022-10-17,140.0611572265625
2022-10-18,141.3790740966797
2022-10-19,141.4872283935547
2022-10-20,141.02499389648438
2022-10-21,144.84100341796875
2022-10-24,146.9850311279297
2022-10-25,149.827392578125
2022-10-26,146.88670349121094
2022-10-27,142.41177368164062
2022-10-28,153.17129516601562
2022-10-31,150.8108673095703
2022-11-01,148.16522216796875
2022-11-02,142.637939453125
2022-11-03,136.58937072753906
2022-11-04,136.32337951660156
2022-11-07,136.85536193847656
2022-11-08,137.42674255371094
2022-11-09,132.86553955078125
2022-11-10,144.6872100830078
2022-11-11,147.47512817382812
2022-11-14,146.07626342773438
2022-11-15,147.81008911132812
2022-11-16,146.5786895751953
2022-11-17,148.48001098632812
2022-11-18,149.04153442382812
2022-11-21,145.8102569580078
2022-11-22,147.94801330566406
2022-11-23,148.82479858398438
2022-11-25,145.90878295898438
2022-11-28,142.0766143798828
2022-11-29,139.0719451904297
2022-11-30,145.82997131347656
2022-12-01,146.10581970214844
2022-12-02,145.6132049560547
2022-12-05,144.45079040527344
2022-12-06,140.7860870361328
2022-12-07,138.84535217285156
2022-12-08,140.52992248535156
2022-12-09,140.04722595214844
2022-12-12,142.3426055908203
2022-12-13,143.30801391601562
2022-12-14,141.08163452148438
2022-12-15,134.47134399414062
2022-12-16,132.51092529296875
2022-12-19,130.40274047851562
2022-12-20,130.3337860107422
2022-12-21,133.43692016601562
2022-12-22,130.26478576660156
2022-12-23,129.90029907226562
2022-12-27,128.09747314453125
2022-12-28,124.16680908203125
2022-12-29,127.68374633789062
2022-12-30,127.99896240234375
2023-01-03,123.21121215820312
2023-01-04,124.48204040527344
2023-01-05,123.16194152832031
2023-01-06,127.6935806274414
2023-01-09,128.21571350097656
2023-01-10,128.78707885742188
2023-01-11,131.5060577392578
2023-01-12,131.42723083496094
2023-01-13,132.75718688964844
2023-01-17,133.91964721679688
2023-01-18,133.2005157470703
2023-01-19,133.25961303710938
2023-01-20,135.8209686279297
2023-01-23,139.01283264160156
2023-01-24,140.41172790527344
2023-01-25,139.75167846679688
2023-01-26,141.8204803466797
2023-01-27,143.76119995117188
2023-01-30,140.87472534179688
2023-01-31,142.14556884765625
2023-02-01,143.26861572265625
2023-02-02,148.5785369873047
2023-02-03,152.20384216308594
2023-02-06,149.4749755859375
2023-02-07,152.35157775878906
2023-02-08,149.6621551513672
2023-02-09,148.6277618408203
2023-02-10,148.99281311035156
2023-02-13,151.79489135742188
2023-02-14,151.15354919433594
2023-02-15,153.25509643554688
2023-02-16,151.65673828125
2023-02-17,150.5122528076172
2023-02-21,146.49659729003906
2023-02-22,146.9208984375
2023-02-23,147.4043426513672
2023-02-24,144.75025939941406
2023-02-27,145.94412231445312
2023-02-28,145.44091796875
2023-03-01,143.3689422607422
2023-03-02,143.96095275878906
2023-03-03,149.0125732421875
2023-03-06,151.775146484375
2023-03-07,149.57496643066406
2023-03-08,150.82797241210938
2023-03-09,148.5784454345703
2023-03-10,146.516357421875
2023-03-13,148.46005249023438
2023-03-14,150.55169677734375
2023-03-15,150.94638061523438
2023-03-16,153.7681884765625
2023-03-17,152.92953491210938
2023-03-20,155.29745483398438
2023-03-21,157.15235900878906
2023-03-22,155.72169494628906
2023-03-23,156.80702209472656
2023-03-24,158.10939025878906
2023-03-27,156.1656951904297
2023-03-28,155.54412841796875
2023-03-29,158.62246704101562
2023-03-30,160.1912384033203
2023-03-31,162.69729614257812
2023-04-03,163.9503173828125
2023-04-04,163.4175262451172
2023-04-05,161.57252502441406
2023-04-06,162.46051025390625
2023-04-10,159.86561584472656
2023-04-11,158.65206909179688
2023-04-12,157.96139526367188
2023-04-13,163.34844970703125
2023-04-14,163.0031280517578
2023-04-17,163.02288818359375
2023-04-18,164.24630737304688
2023-04-19,165.3907928466797
2023-04-20,164.42388916015625
2023-04-21,162.815673828125
2023-04-24,163.1215362548828
2023-04-25,161.58238220214844
2023-04-26,161.57252502441406
2023-04-27,166.16038513183594
2023-04-28,167.41343688964844
2023-05-01,167.3246307373047
2023-05-02,166.28868103027344
2023-05-03,165.21322631835938
2023-05-04,163.5753936767578
2023-05-05,171.25146484375
2023-05-08,171.18240356445312
2023-05-09,169.47552490234375
2023-05-10,171.24160766601562
2023-05-11,171.4290771484375
2023-05-12,170.5003204345703
2023-05-15,170.00631713867188
2023-05-16,170.00631713867188
2023-05-17,170.61888122558594
2023-05-18,172.95059204101562
2023-05-19,173.05929565429688
2023-05-22,172.1107940673828
2023-05-23,169.50245666503906
2023-05-24,169.77908325195312
2023-05-25,170.91531372070312
2023-05-26,173.3260498046875
2023-05-30,175.17361450195312
2023-05-31,175.12420654296875
2023-06-01,177.93016052246094
2023-06-02,178.7798309326172
2023-06-05,177.42625427246094
2023-06-06,177.0607147216797
2023-06-07,175.68736267089844
2023-06-08,178.40438842773438
2023-06-09,178.78968811035156
2023-06-12,181.5857696533203
2023-06-13,181.11151123046875
2023-06-14,181.7438507080078
2023-06-15,183.77914428710938
2023-06-16,182.70225524902344
2023-06-20,182.7911376953125
2023-06-21,181.7537384033203
2023-06-22,184.75729370117188
2023-06-23,184.4411163330078
2023-06-26,183.04803466796875
2023-06-27,185.80455017089844
2023-06-28,186.98028564453125
2023-06-29,187.31622314453125
2023-06-30,191.64366149902344
2023-07-03,190.15179443359375
2023-07-05,189.03536987304688
2023-07-06,189.5095977783203
2023-07-07,188.3931427001953
2023-07-10,186.3479766845703
2023-07-11,185.82432556152344
2023-07-12,187.49404907226562
2023-07-13,188.25482177734375
2023-07-14,188.40301513671875
2023-07-17,191.6634521484375
2023-07-18,191.40658569335938
2023-07-19,192.7601318359375
2023-07-20,190.8137664794922
2023-07-21,189.63804626464844
2023-07-24,190.43832397460938
2023-07-25,191.29786682128906
2023-07-26,192.1673126220703
2023-07-27,190.90267944335938
2023-07-28,193.4813690185547
2023-07-31,194.09393310546875
2023-08-01,193.26402282714844
2023-08-02,190.27037048339844
2023-08-03,188.87728881835938
2023-08-04,179.80735778808594
2023-08-07,176.7050323486328
2023-08-08,177.64361572265625
2023-08-09,176.05294799804688
2023-08-10,175.8355712890625
2023-08-11,175.89492797851562
2023-08-14,177.547119140625
2023-08-15,175.55857849121094
2023-08-16,174.6879425048828
2023-08-17,172.14535522460938
2023-08-18,172.63011169433594
2023-08-21,173.96572875976562
2023-08-22,175.34091186523438
2023-08-23,179.18943786621094
2023-08-24,174.4999542236328
2023-08-25,176.70619201660156
2023-08-28,178.2693634033203
2023-08-29,182.15745544433594
2023-08-30,185.6498565673828
2023-08-31,185.86749267578125
2023-09-01,187.4405517578125
2023-09-05,187.67800903320312
2023-09-06,180.96035766601562
2023-09-07,175.6674041748047
2023-09-08,176.28074645996094
2023-09-11,177.44822692871094
2023-09-12,174.4208221435547
2023-09-13,172.35311889648438
2023-09-14,173.86679077148438
2023-09-15,173.14454650878906
2023-09-18,176.07302856445312
2023-09-19,177.1613006591797
2023-09-20,173.61944580078125
2023-09-21,172.07608032226562
2023-09-22,172.92691040039062
2023-09-25,174.20315551757812
2023-09-26,170.12710571289062
2023-09-27,168.6133575439453
2023-09-28,168.87062072753906
2023-09-29,169.38507080078125
2023-10-02,171.8979949951172
2023-10-03,170.5623779296875
2023-10-04,171.80899047851562
2023-10-05,173.04562377929688
2023-10-06,175.59814453125
2023-10-09,177.0821533203125
2023-10-10,176.48854064941406
2023-10-11,177.88352966308594
2023-10-12,178.78382873535156
2023-10-13,176.9436492919922
2023-10-16,176.81503295898438
2023-10-17,175.26177978515625
2023-10-18,173.96572875976562
2023-10-19,173.5897979736328
2023-10-20,171.0372772216797
2023-10-23,171.15597534179688
2023-10-24,171.59130859375
2023-10-25,169.2762451171875
2023-10-26,165.11111450195312
2023-10-27,166.4269256591797
2023-10-30,168.474853515625
2023-10-31,168.94976806640625
2023-11-01,172.1156463623047
2023-11-02,175.67730712890625
2023-11-03,174.76707458496094
2023-11-06,177.319580078125
2023-11-07,179.88198852539062
2023-11-08,180.94058227539062
2023-11-09,180.46568298339844
2023-11-10,184.65611267089844
2023-11-13,183.0710906982422
2023-11-14,185.68638610839844
2023-11-15,186.25103759765625
2023-11-16,187.9351348876953
2023-11-17,187.91531372070312
2023-11-20,189.65887451171875
2023-11-21,188.8564453125
2023-11-22,189.52020263671875
2023-11-24,188.19273376464844
2023-11-27,188.01438903808594
2023-11-28,188.61868286132812
2023-11-29,187.5983123779297
2023-11-30,188.1728973388672
2023-12-01,189.45083618164062
2023-12-04,187.6577606201172
2023-12-05,191.61044311523438
2023-12-06,190.520751953125
2023-12-07,192.45249938964844
2023-12-08,193.8790283203125
2023-12-11,191.3726806640625
2023-12-12,192.88836669921875
2023-12-13,196.10797119140625
2023-12-14,196.25657653808594
2023-12-15,195.7216033935547
2023-12-18,194.05734252929688
2023-12-19,195.09751892089844
2023-12-20,193.0072784423828
2023-12-21,192.858642578125
2023-12-22,191.7887725830078
2023-12-26,191.24391174316406
2023-12-27,191.3429412841797
2023-12-28,191.76895141601562
2023-12-29,190.728759765625
2024-01-02,183.90322875976562
2024-01-03,182.5262451171875
2024-01-04,180.20811462402344
2024-01-05,179.48495483398438
2024-01-08,183.823974609375
2024-01-09,183.40792846679688
2024-01-10,184.44805908203125
2024-01-11,183.85369873046875
2024-01-12,184.18060302734375
2024-01-16,181.9120330810547
2024-01-17,180.97091674804688
2024-01-18,186.8652801513672
2024-01-19,189.76783752441406
2024-01-22,192.07603454589844
2024-01-23,193.35397338867188
2024-01-24,192.68032836914062
2024-01-25,192.35342407226562
2024-01-26,190.6198272705078
2024-01-29,189.93626403808594
2024-01-30,186.28077697753906
2024-01-31,182.6748046875
2024-02-01,185.11181640625
2024-02-02,184.1112823486328
2024-02-05,185.9241485595703
2024-02-06,187.52896118164062
2024-02-07,187.63796997070312
2024-02-08,186.55816650390625
2024-02-09,187.3219451904297
2024-02-12,185.6356658935547
2024-02-13,183.54275512695312
2024-02-14,182.65994262695312
2024-02-15,182.37229919433594
2024-02-16,180.83485412597656
2024-02-20,180.0908966064453
2024-02-21,180.8447723388672
2024-02-22,182.878173828125
2024-02-23,181.04315185546875
2024-02-26,179.6941375732422
2024-02-27,181.15225219726562
2024-02-28,179.95204162597656
2024-02-29,179.2874755859375
2024-03-01,178.20628356933594
2024-03-04,173.68316650390625
2024-03-05,168.74346923828125
2024-03-06,167.75157165527344
2024-03-07,167.63253784179688
2024-03-08,169.34852600097656
2024-03-11,171.35220336914062
2024-03-12,171.82830810546875
2024-03-13,169.74530029296875
2024-03-14,171.6001434326172
2024-03-15,171.22323608398438
2024-03-18,172.31434631347656
2024-03-19,174.6552276611328
2024-03-20,177.2242889404297
2024-03-21,169.9833526611328
2024-03-22,170.88600158691406
2024-03-25,169.4675750732422
2024-03-26,168.33682250976562
2024-03-27,171.9076690673828
2024-03-28,170.0924530029297
2024-04-01,168.65419006347656
2024-04-02,167.47381591796875
2024-04-03,168.27728271484375
2024-04-04,167.45401000976562
2024-04-05,168.2078399658203
2024-04-08,167.08697509765625
2024-04-09,168.297119140625
2024-04-10,166.42242431640625
2024-04-11,173.62367248535156
2024-04-12,175.1214599609375
2024-04-15,171.2926788330078
2024-04-16,168.0094757080078
2024-04-17,166.64064025878906
2024-04-18,165.68838500976562
2024-04-19,163.6649169921875
2024-04-22,164.49810791015625
2024-04-23,165.54954528808594
2024-04-24,167.65235900878906
2024-04-25,168.5153350830078
2024-04-26,167.93011474609375
2024-04-29,172.09613037109375
2024-04-30,168.95176696777344
2024-05-01,167.93011474609375
2024-05-02,171.62994384765625
2024-05-03,181.8961639404297
2024-05-06,180.2397003173828
2024-05-07,180.92410278320312
2024-05-08,181.26136779785156
2024-05-09,183.07656860351562
2024-05-10,181.8151397705078
2024-05-13,185.02334594726562
2024-05-14,186.1655731201172
2024-05-15,188.44012451171875
2024-05-16,188.55931091308594
2024-05-17,188.589111328125
2024-05-20,189.751220703125
2024-05-21,191.05239868164062
2024-05-22,189.61216735839844
2024-05-23,185.61927795410156
2024-05-24,188.6983642578125
2024-05-28,188.70831298828125
2024-05-29,189.0062713623047
2024-05-30,189.99951171875
2024-05-31,190.9530487060547
2024-06-03,192.72105407714844
2024-06-04,193.0388946533203
2024-06-05,194.5486297607422
2024-06-06,193.16802978515625
2024-06-07,195.56175231933594
2024-06-10,191.8171844482422
2024-06-11,205.75253295898438
2024-06-12,211.63259887695312
2024-06-13,212.79470825195312
2024-06-14,211.05653381347656
2024-06-17,215.20831298828125
2024-06-18,212.84437561035156
2024-06-20,208.26547241210938
2024-06-21,206.0902557373047
2024-06-24,206.73587036132812
2024-06-25,207.65960693359375
2024-06-26,211.81138610839844
2024-06-27,212.65567016601562
2024-06-28,209.19912719726562
2024-07-01,215.2877960205078
2024-07-02,218.78402709960938
2024-07-03,220.05538940429688
2024-07-05,224.81309509277344
2024-07-08,226.2831268310547
2024-07-09,227.1372833251953
2024-07-10,231.40829467773438
2024-07-11,226.03480529785156
2024-07-12,228.98475646972656
2024-07-15,232.81871032714844
2024-07-16,233.23590087890625
2024-07-17,227.33596801757812
2024-07-18,222.6676483154297
2024-07-19,222.79678344726562
2024-07-22,222.4491424560547
2024-07-23,223.49205017089844
2024-07-24,217.06570434570312
2024-07-25,216.0227813720703
2024-07-26,216.4896240234375
2024-07-29,216.76771545410156
2024-07-30,217.32394409179688
2024-07-31,220.58181762695312
2024-08-01,216.8869171142578
2024-08-02,218.37681579589844
2024-08-05,207.85826110839844
2024-08-06,205.83200073242188
2024-08-07,208.404541015625
2024-08-08,211.87100219726562
2024-08-09,214.78121948242188
2024-08-12,216.31260681152344
2024-08-13,220.03167724609375
2024-08-14,220.47915649414062
2024-08-15,223.4623565673828
2024-08-16,224.78494262695312
2024-08-19,224.62582397460938
2024-08-20,225.2423553466797
2024-08-21,225.13296508789062
2024-08-22,223.2734375
2024-08-23,225.57049560546875
2024-08-26,225.90858459472656
2024-08-27,226.7538604736328
2024-08-28,225.2224578857422
2024-08-29,228.50396728515625
2024-08-30,227.71841430664062
2024-09-03,221.52330017089844
2024-09-04,219.61402893066406
2024-09-05,221.13546752929688
2024-09-06,219.58421325683594
2024-09-09,219.67369079589844
2024-09-10,218.87815856933594
2024-09-11,221.41390991210938
2024-09-12,221.52330017089844
2024-09-13,221.25479125976562
2024-09-16,215.10939025878906
2024-09-17,215.5767364501953
2024-09-18,219.4549102783203
2024-09-19,227.58914184570312
2024-09-20,226.92288208007812
2024-09-23,225.20257568359375
2024-09-24,226.0975341796875
2024-09-25,225.10313415527344
2024-09-26,226.2467041015625
2024-09-27,226.5151824951172
2024-09-30,231.696044921875
2024-10-01,224.94403076171875
2024-10-02,225.51083374023438
2024-10-03,224.40704345703125
2024-10-04,225.53073120117188
2024-10-07,220.44932556152344
2024-10-08,224.5065155029297
2024-10-09,228.25538635253906
2024-10-10,227.7581787109375
2024-10-11,226.27655029296875
2024-10-14,230.0055389404297
2024-10-15,232.54127502441406
2024-10-16,230.48284912109375
2024-10-17,230.85079956054688
2024-10-18,233.68484497070312
2024-10-21,235.15652465820312
2024-10-22,234.54002380371094
2024-10-23,229.46856689453125
2024-10-24,229.27963256835938
2024-10-25,230.11492919921875
2024-10-28,232.09378051757812
2024-10-29,232.36227416992188
2024-10-30,228.812255859375
2024-10-31,224.64572143554688
2024-11-01,221.66249084472656
2024-11-04,220.7675323486328
2024-11-05,222.19947814941406
2024-11-06,221.4735565185547
2024-11-07,226.20692443847656
2024-11-08,225.93814086914062
2024-11-11,223.22042846679688
2024-11-12,223.22042846679688
2024-11-13,224.10641479492188
2024-11-14,227.19247436523438
2024-11-15,223.98695373535156
2024-11-18,226.9933624267578
2024-11-19,227.252197265625
2024-11-20,227.9689483642578
2024-11-21,227.49111938476562
2024-11-22,228.8350372314453
2024-11-25,231.82151794433594
2024-11-26,234.00167846679688
2024-11-27,233.8722381591797
2024-11-29,236.26145935058594
2024-12-02,238.51126098632812
2024-12-03,241.5574951171875
2024-12-04,241.91587829589844
2024-12-05,241.94573974609375
2024-12-06,241.74664306640625
2024-12-09,245.6390380859375
2024-12-10,246.65443420410156
2024-12-11,245.38021850585938
2024-12-12,246.8435821533203
2024-12-13,247.01283264160156
2024-12-16,249.9097137451172
2024-12-17,252.33872985839844
2024-12-18,246.9331817626953
2024-12-19,248.66534423828125
2024-12-20,253.34417724609375
2024-12-23,254.1206817626953
2024-12-24,257.0374755859375
2024-12-26,257.853759765625
2024-12-27,254.439208984375
2024-12-30,251.06448364257812
2024-12-31,249.29251098632812
2025-01-02,242.75210571289062
2025-01-03,242.26431274414062
2025-01-06,243.89691162109375
2025-01-07,241.11947631835938
2025-01-08,241.60726928710938
2025-01-10,235.7836151123047
2025-01-13,233.34463500976562
2025-01-14,232.2296905517578
2025-01-15,236.79901123046875
2025-01-16,227.23228454589844
2025-01-17,228.9445343017578
2025-01-21,221.6375732421875
2025-01-22,222.82223510742188
2025-01-23,222.65301513671875
2025-01-24,221.77694702148438
2025-01-27,228.82508850097656
2025-01-28,237.187255859375
2025-01-29,238.2823028564453
2025-01-30,236.52027893066406
2025-01-31,234.9374237060547
2025-02-03,226.9833984375
2025-02-04,231.75184631347656
2025-02-05,231.42332458496094
2025-02-06,232.16995239257812
2025-02-07,226.60511779785156
2025-02-10,226.8741912841797
2025-02-11,231.8272705078125
2025-02-12,236.06277465820312
2025-02-13,240.70689392089844
2025-02-14,243.76644897460938
2025-02-18,243.6368865966797
2025-02-19,244.03550720214844
2025-02-20,244.99224853515625
2025-02-21,244.71319580078125
2025-02-24,246.25791931152344
2025-02-25,246.1981201171875
2025-02-26,239.5408935546875
2025-02-27,236.49131774902344
2025-02-28,241.01583862304688
2025-03-03,237.2188262939453
2025-03-04,235.1259765625
2025-03-05,234.93663024902344
2025-03-06,234.52804565429688
2025-03-07,238.2552947998047
2025-03-10,226.70477294921875
2025-03-11,220.08740234375
2025-03-12,216.2405548095703
2025-03-13,208.96542358398438
2025-03-14,212.762451171875
2025-03-17,213.2707061767578
2025-03-18,211.96519470214844
2025-03-19,214.50648498535156
2025-03-20,213.37039184570312
2025-03-21,217.5261688232422
2025-03-24,219.97776794433594
2025-03-25,222.98748779296875
2025-03-26,220.77505493164062
2025-03-27,223.08717346191406
2025-03-28,217.1574249267578
2025-03-31,221.37301635742188
2025-04-01,222.4293975830078
2025-04-02,223.12701416015625
2025-04-03,202.49754333496094
2025-04-04,187.738037109375
2025-04-07,180.84161376953125
2025-04-08,171.83241271972656
2025-04-09,198.17236328125
2025-04-10,189.7710723876953
2025-04-11,197.4747314453125
2025-04-14,201.82984924316406
2025-04-15,201.4511260986328
2025-04-16,193.6079559326172
2025-04-17,196.3087158203125
2025-04-21,192.50173950195312
2025-04-22,199.059326171875
2025-04-23,203.9027557373047
2025-04-24,207.659912109375
2025-04-25,208.56680297851562
2025-04-28,209.4238739013672
2025-04-29,210.490234375
2025-04-30,211.7758331298828
2025-05-01,212.59304809570312
2025-05-02,204.6501922607422
2025-05-05,198.21221923828125
2025-05-06,197.83349609375
2025-05-07,195.58120727539062
2025-05-08,196.81698608398438
2025-05-09,197.8534393310547
2025-05-12,210.34713745117188
2025-05-13,212.48263549804688
2025-05-14,211.88389587402344
2025-05-15,211.00575256347656
2025-05-16,210.81614685058594
2025-05-19,208.3413543701172
2025-05-20,206.42539978027344
2025-05-21,201.6654052734375
2025-05-22,200.9369354248047
2025-05-23,194.85975646972656
2025-05-27,199.78936767578125
2025-05-28,199.99891662597656
2025-05-29,199.5299072265625
2025-05-30,200.4280242919922
2025-06-02,201.27622985839844
2025-06-03,202.84292602539062
2025-06-04,202.39389038085938
2025-06-05,200.20849609375
2025-06-06,203.49156188964844
2025-06-09,201.02676391601562
2025-06-10,202.2441864013672
2025-06-11,198.36236572265625
2025-06-12,198.78147888183594
2025-06-13,196.03726196289062
2025-06-16,198.0031280517578
2025-06-17,195.2289581298828
2025-06-18,196.16697692871094
2025-06-20,200.57769775390625
2025-06-23,201.07666015625
2025-06-24,199.87918090820312
2025-06-25,201.13653564453125
2025-06-26,200.57769775390625
2025-06-27,200.65753173828125
2025-06-30,204.7389373779297
2025-07-01,207.3833770751953
2025-07-02,211.99366760253906
2025-07-03,213.10134887695312
2025-07-07,209.50889587402344
2025-07-08,209.5687713623047
2025-07-09,210.69639587402344
2025-07-10,211.96372985839844
2025-07-11,210.7163543701172
2025-07-14,208.1816864013672
2025-07-15,208.67066955566406
2025-07-16,209.71847534179688
2025-07-17,209.57875061035156
2025-07-18,210.73631286621094
2025-07-21,212.0335693359375
2025-07-22,213.94955444335938
2025-07-23,213.7000732421875
2025-07-24,213.31088256835938
2025-07-25,213.43064880371094
2025-07-28,213.6002960205078
2025-07-29,210.8261260986328
2025-07-30,208.6107940673828
2025-07-31,207.1339111328125
2025-08-01,201.95481872558594
2025-08-04,202.9227752685547
2025-08-05,202.49366760253906
2025-08-06,212.80197143554688
2025-08-07,219.56771850585938
2025-08-08,228.86814880371094
2025-08-11,226.95997619628906
2025-08-12,229.42758178710938
2025-08-13,233.10403442382812
2025-08-14,232.5545654296875
2025-08-15,231.36570739746094
2025-08-18,230.66639709472656
2025-08-19,230.3367156982422
2025-08-20,225.79110717773438
2025-08-21,224.68218994140625
2025-08-22,227.53941345214844
2025-08-25,226.94000244140625
2025-08-26,229.08792114257812
2025-08-27,230.26678466796875
2025-08-28,232.33477783203125
2025-08-29,231.91517639160156
2025-09-02,229.49752807617188
2025-09-03,238.2390594482422
2025-09-04,239.5477752685547
2025-09-05,239.45787048339844
2025-09-08,237.64962768554688
2025-09-09,234.123046875
2025-09-10,226.5703582763672
2025-09-11,229.80722045898438
2025-09-12,233.84332275390625
2025-09-15,236.47076416015625
2025-09-16,237.9193572998047
2025-09-17,238.75856018066406
2025-09-18,237.64962768554688
2025-09-19,245.26223754882812
2025-09-22,255.8319854736328
2025-09-23,254.18359375
2025-09-24,252.06564331054688
2025-09-25,256.6212158203125
2025-09-26,255.2126007080078
2025-09-29,254.18359375
2025-09-30,254.38340759277344
2025-10-01,255.20260620117188
2025-10-02,256.8809814453125
2025-10-03,257.7701110839844
2025-10-06,256.44140625
2025-10-07,256.23162841796875
2025-10-08,257.8100891113281
2025-10-09,253.79396057128906
2025-10-10,245.032470703125
2025-10-13,247.42015075683594
2025-10-14,247.53004455566406
2025-10-15,249.09852600097656
2025-10-16,247.21035766601562
2025-10-17,252.045654296875
2025-10-20,261.98602294921875
2025-10-21,262.5155029296875
2025-10-22,258.19970703125
2025-10-23,259.3285827636719
2025-10-24,262.56549072265625
2025-10-27,268.5496520996094
2025-10-28,268.7394714355469
2025-10-29,269.4388122558594
2025-10-30,271.13714599609375
2025-10-31,270.108154296875
2025-11-03,268.7894287109375
2025-11-04,269.7784729003906
2025-11-05,269.8783874511719
2025-11-06,269.50872802734375
2025-11-07,268.2099914550781
2025-11-10,269.42999267578125
2025-11-11,275.25
2025-11-12,273.4700012207031
2025-11-13,272.95001220703125
2025-11-14,272.4100036621094
2025-11-17,267.4599914550781
2025-11-18,267.44000244140625
2025-11-19,268.55999755859375
2025-11-20,266.25
