Date,ret
2015-01-05,-0.028576158669565643
2015-01-06,9.384579297000428e-05
2015-01-07,0.013924881309015369
2015-01-08,0.03770257104299635
2015-01-09,0.0010718586212914438
2015-01-12,-0.024949355917276428
2015-01-13,0.008839819155422646
2015-01-14,-0.0038180177625650735
2015-01-15,-0.027514934195613794
2015-01-16,-0.007800898335515782
2015-01-20,0.025431286575197998
2015-01-21,0.00760512755441356
2015-01-22,0.025683078588027097
2015-01-23,0.005146830616476361
2015-01-26,0.0010613707260356264
2015-01-27,-0.03564093039713834
2015-01-28,0.054992931929159994
2015-01-29,0.030658304008700732
2015-01-30,-0.014742233735975052
2015-02-02,0.012468775545372512
2015-02-03,0.00016882338336765557
2015-02-04,0.007640386417393952
2015-02-05,0.007112347325127111
2015-02-06,-0.008456827130480793
2015-02-09,0.006620719584922163
2015-02-10,0.019029232335022517
2015-02-11,0.02316813582416799
2015-02-12,0.012572871930626395
2015-02-13,0.004890947251616762
2015-02-17,0.005884395754400362
2015-02-18,0.006938365153171588
2015-02-19,-0.002100043585746114
2015-02-20,0.008141128372506579
2015-02-23,0.02666879738749639
2015-02-24,-0.006260485244244496
2015-02-25,-0.025906076823537738
2015-02-26,0.01257710121853517
2015-02-27,-0.015142542581532581
2015-03-02,0.004892126250098272
2015-03-03,0.0020894442889085596
2015-03-04,-0.0063590770986357015
2015-03-05,-0.016709306603351237
2015-03-06,0.0015015845802555106
2015-03-09,0.004256530656981727
2015-03-10,-0.020902801957138895
2015-03-11,-0.018399635557013294
2015-03-12,0.017917447255483054
2015-03-13,-0.00693449543135527
2015-03-16,0.01094422734222178
2015-03-17,0.01658847507867245
2015-03-18,0.011193264039619066
2015-03-19,-0.0075789604716036685
2015-03-20,-0.012628668166674739
2015-03-23,0.010351689747641224
2015-03-24,-0.0040963575502042104
2015-03-25,-0.02647395649375106
2015-03-26,0.006946186221331807
2015-03-27,-0.008000426892225132
2015-03-30,0.024999183630979527
2015-03-31,-0.01547062076586947
2015-04-01,-0.0014477112308801665
2015-04-02,0.008574511404435547
2015-04-06,0.016068828634816068
2015-04-07,-0.010577712373731618
2015-04-08,-0.0032591176295806434
2015-04-09,0.007614288111683187
2015-04-10,0.0042576026589444815
2015-04-13,-0.001968875380102819
2015-04-14,-0.004345124567434411
2015-04-15,0.003793290092415802
2015-04-16,-0.004823212547567124
2015-04-17,-0.011318443304166426
2015-04-20,0.022588726563289363
2015-04-21,-0.005422168818513207
2015-04-22,0.013383932534476894
2015-04-23,0.008130477839783712
2015-04-24,0.004693397305350455
2015-04-27,0.01802797304448589
2015-04-28,-0.01588086036301739
2015-04-29,-0.014815355197641544
2015-04-30,-0.027505017754908767
2015-05-01,0.029911639441770888
2015-05-04,-0.0019402686001099845
2015-05-05,-0.022790760914006558
2015-05-06,-0.006299656690412103
2015-05-07,0.006165991778880553
2015-05-08,0.018665701457150075
2015-05-11,-0.010238704924741882
2015-05-12,-0.003568850720645056
2015-05-13,0.0011114578737383418
2015-05-14,0.023063556838705868
2015-05-15,-0.00139655008588635
2015-05-18,0.010966953489027986
2015-05-19,-0.0009221436001571881
2015-05-20,-7.696571876580904e-05
2015-05-21,0.010174140809656507
2015-05-22,0.008714751997212389
2015-05-26,-0.02227777283229848
2015-05-27,0.01849769071300411
2015-05-28,-0.0019708561343452224
2015-05-29,-0.011447713264452375
2015-06-01,0.0019936557132567145
2015-06-02,-0.004453289162773988
2015-06-03,0.0012306385358482608
2015-06-04,-0.005857946994863195
2015-06-05,-0.0055037923370009345
2015-06-08,-0.006628933951870586
2015-06-09,-0.002977755920304137
2015-06-10,0.011393050773213176
2015-06-11,-0.002252746216676371
2015-06-12,-0.01110424022333012
2015-06-15,-0.001967598580319585
2015-06-16,0.005343137974667123
2015-06-17,-0.002353736416949026
2015-06-18,0.0045457968094830825
2015-06-19,-0.010060028731115445
2015-06-22,0.007946618456483368
2015-06-23,-0.004555704769290347
2015-06-24,0.00846608887654865
2015-06-25,-0.004772863759126
2015-06-26,-0.005899767674284462
2015-06-29,-0.017670083172106388
2015-06-30,0.007201198694681832
2015-07-01,0.009284513347093348
2015-07-02,-0.0012643372818188503
2015-07-06,-0.003486005465720865
2015-07-07,-0.0024635735641949097
2015-07-08,-0.025136166843537033
2015-07-09,-0.020607102610055605
2015-07-10,0.02638318839232534
2015-07-13,0.019121322020427822
2015-07-14,-0.00039758286718116764
2015-07-15,0.009586721609960325
2015-07-16,0.013237688097872624
2015-07-17,0.008600515926450836
2015-07-20,0.018725108401012047
2015-07-21,-0.010044990171290014
2015-07-22,-0.043214939466925895
2015-07-23,-0.00047936799602865676
2015-07-24,-0.005287105004042836
2015-07-27,-0.01399322417043436
2015-07-28,0.004956503534860435
2015-07-29,-0.0031658475169336064
2015-07-30,-0.005053991560657778
2015-07-31,-0.008782232136891999
2015-08-03,-0.02386048631282156
2015-08-04,-0.03260946973500056
2015-08-05,0.006607563612955669
2015-08-06,0.0021736933263025726
2015-08-07,0.0033816284387913065
2015-08-10,0.03571217979245889
2015-08-11,-0.053440917110476605
2015-08-12,0.015301891673783707
2015-08-13,-0.0007811650538265269
2015-08-14,0.007009786591484435
2015-08-17,0.010295204448928619
2015-08-18,-0.005649358265586546
2015-08-19,-0.012872033656542214
2015-08-20,-0.02073333065220062
2015-08-21,-0.06311368475838819
2015-08-24,-0.025279023829035907
2015-08-25,0.005994393201946391
2015-08-26,0.05577063958880579
2015-08-27,0.029021473452144786
2015-08-28,0.0032714102593254246
2015-08-31,-0.0046894158826988885
2015-09-01,-0.045726135902734555
2015-09-02,0.0419942949686507
2015-09-03,-0.017691523094005124
2015-09-04,-0.010016592006307778
2015-09-08,0.027440821449192132
2015-09-09,-0.01941947564926405
2015-09-10,0.02173244295994392
2015-09-11,0.014463294940246119
2015-09-14,0.009585332768531796
2015-09-15,0.008376950876592293
2015-09-16,0.0011173019487773495
2015-09-17,-0.021622073586329282
2015-09-18,-0.00413422196305735
2015-09-21,0.015394046746506351
2015-09-22,-0.015834466632560495
2015-09-23,0.008079748786421703
2015-09-24,0.005930696559588888
2015-09-25,-0.0025248518947647014
2015-09-28,-0.0199874979207193
2015-09-29,-0.03052139869135262
2015-09-30,0.011305777540309148
2015-10-01,-0.006549366326232153
2015-10-02,0.007274125083867489
2015-10-05,0.0036173926408098467
2015-10-06,0.004772725856298621
2015-10-07,-0.004772725856298621
2015-10-08,-0.011621569621187433
2015-10-09,0.02364495749860085
2015-10-12,-0.004648559213328962
2015-10-13,0.0017010388696552248
2015-10-14,-0.01423433814860342
2015-10-15,0.014860280021025574
2015-10-16,-0.007357547806823739
2015-10-19,0.00619484834699735
2015-10-20,0.01809355046443306
2015-10-21,-8.797008365668546e-05
2015-10-22,0.015179574653190198
2015-10-23,0.030525049449432906
2015-10-26,-0.03243151724607696
2015-10-27,-0.006352618173428581
2015-10-28,0.04037840880674359
2015-10-29,0.010508812511132337
2015-10-30,-0.008582241002595303
2015-11-02,0.013960569946031676
2015-11-03,0.011405289043738165
2015-11-04,-0.004661328398010145
2015-11-05,-0.004620262830290933
2015-11-06,0.001156946226248401
2015-11-09,-0.004055777801933669
2015-11-10,-0.032024417761093105
2015-11-11,-0.005668022868300593
2015-11-12,-0.0033644528559668707
2015-11-13,-0.0296436381553713
2015-11-16,0.016246192661143244
2015-11-17,-0.004300836639513417
2015-11-18,0.031174031693723236
2015-11-19,0.012623552449740671
2015-11-20,0.004368603225847867
2015-11-23,-0.013078131263637438
2015-11-24,0.009551061854466525
2015-11-25,-0.00717546162609084
2015-11-27,-0.001865647154553507
2015-11-30,0.004150311078569668
2015-12-01,-0.008147907673851318
2015-12-02,-0.009074533157721998
2015-12-03,-0.009331362212902317
2015-12-04,0.03270575279894805
2015-12-07,-0.006320867489934656
2015-12-08,-0.0004229200704770619
2015-12-09,-0.022322797019112883
2015-12-10,0.00474547521799229
2015-12-11,-0.026074878862909046
2015-12-14,-0.0062040082073218095
2015-12-15,-0.017850619629154796
2015-12-16,0.007663407519334697
2015-12-17,-0.021423885616286942
2015-12-18,-0.027442586939312452
2015-12-21,0.01218621976833223
2015-12-22,-0.0009320562472798777
2015-12-23,0.012787446657226642
2015-12-24,-0.005354425250968742
2015-12-28,-0.011263877399234179
2015-12-29,0.017814422246892114
2015-12-30,-0.013144755373057482
2015-12-31,-0.019381310909807326
2016-01-04,0.0008546635209527587
2016-01-05,-0.02537880806948367
2016-01-06,-0.019763565070089584
2016-01-07,-0.04312120704698774
2016-01-08,0.0052737454109670345
2016-01-11,0.016062487021013094
2016-01-12,0.014409610261568062
2016-01-13,-0.02604678627920398
2016-01-14,0.02163485962896239
2016-01-15,-0.024308301845083147
2016-01-19,-0.004850795312162592
2016-01-20,0.0013440707069207747
2016-01-21,-0.005075433369578164
2016-01-22,0.05180195459547221
2016-01-25,-0.01971560407571138
2016-01-26,0.005515829993361532
2016-01-27,-0.06796462549845161
2016-01-28,0.007145942144757278
2016-01-29,0.03395800952094463
2016-02-01,-0.009392502504146805
2016-02-02,-0.020429029960280953
2016-02-03,0.019599406357566185
2016-02-04,0.008002854692875427
2016-02-05,-0.027071356860536522
2016-02-08,0.010474750807081268
2016-02-09,-0.00021069974845788764
2016-02-10,-0.007608573135637897
2016-02-11,-0.0060645747822860585
2016-02-12,0.0030903733259943778
2016-02-16,0.02780415310700768
2016-02-17,0.015198474555983665
2016-02-18,-0.019138536975270792
2016-02-19,-0.0022880522767283473
2016-02-22,0.00870826205959796
2016-02-23,-0.02286469536112712
2016-02-24,0.014780879377738643
2016-02-25,0.006844685103845727
2016-02-26,0.0015491296446357161
2016-02-29,-0.002273035531952683
2016-03-01,0.038946202390235385
2016-03-02,0.0021858884271610535
2016-03-03,0.0074166756131628375
2016-03-04,0.014767464043019984
2016-03-07,-0.011128464080379707
2016-03-08,-0.00828033917116855
2016-03-09,0.0008906203718810346
2016-03-10,0.000494455807980021
2016-03-11,0.010716005869063405
2016-03-14,0.0025394315381688237
2016-03-15,0.01989464286858489
2016-03-16,0.013203511849005256
2016-03-17,-0.0016053680880609988
2016-03-18,0.001133632018338826
2016-03-21,-9.453281018423354e-05
2016-03-22,0.007619046488470893
2016-03-23,-0.005544002376280943
2016-03-24,-0.004343809435136237
2016-03-28,-0.004552711222872929
2016-03-29,0.023395569071561706
2016-03-30,0.017308405867048737
2016-03-31,-0.0052162333168341846
2016-04-01,0.009133540474694168
2016-04-04,0.010221027155169704
2016-04-05,-0.011859004204089363
2016-04-06,0.010417955439994575
2016-04-07,-0.022050618523118626
2016-04-08,0.0011047979332112767
2016-04-11,0.003307397860934813
2016-04-12,0.012941192085591968
2016-04-13,0.014383537300467264
2016-04-14,0.0005354453370833845
2016-04-15,-0.020275514644220394
2016-04-18,-0.021811056337606605
2016-04-19,-0.005317370163469004
2016-04-20,0.0020554193508668384
2016-04-21,-0.010886745261560637
2016-04-22,-0.0027402866865999798
2016-04-25,-0.005693834232236572
2016-04-26,-0.006971329007494198
2016-04-27,-0.06462147749580094
2016-04-28,-0.031043346981604714
2016-04-29,-0.011560931760157267
2016-05-02,-0.0010673311804656471
2016-05-03,0.0163122631739685
2016-05-04,-0.01045567662486624
2016-05-05,-0.00406724161255001
2016-05-06,-0.005592761321207451
2016-05-09,0.0007545591837851973
2016-05-10,0.006766786532553137
2016-05-11,-0.009788626251455046
2016-05-12,-0.023736662870190717
2016-05-13,0.0019907098181954908
2016-05-16,0.036446331983393865
2016-05-17,-0.004162666485734157
2016-05-18,0.011379895321420364
2016-05-19,-0.0038145269866101117
2016-05-20,0.010769892110150003
2016-05-23,0.01262730115073829
2016-05-24,0.015129597273644269
2016-05-25,0.017416291180001764
2016-05-26,0.00789895411448871
2016-05-27,-0.0005977666201419929
2016-05-31,-0.004895028440715432
2016-06-01,-0.01411857572715336
2016-06-02,-0.007544551356737372
2016-06-03,0.002044816704703578
2016-06-06,0.007224591353319099
2016-06-07,0.00404741978468115
2016-06-08,-0.0009095824532097119
2016-06-09,0.0071508827642041695
2016-06-10,-0.008262920194339607
2016-06-13,-0.015191126525149201
2016-06-14,0.0012318538293829562
2016-06-15,-0.003288953034545905
2016-06-16,0.004211912889131586
2016-06-17,-0.023020329446469034
2016-06-20,-0.002415550277190537
2016-06-21,0.008481077980957874
2016-06-22,-0.0037603837485300495
2016-06-23,0.005739588595292666
2016-06-24,-0.028498019750069936
2016-06-27,-0.014667991424067495
2016-06-28,0.016699973126707235
2016-06-29,0.0086181256146447
2016-06-30,0.012631316929096137
2016-07-01,0.003028972135038277
2016-07-05,-0.009430329180204033
2016-07-06,0.005669160140493457
2016-07-07,0.0042823082564011905
2016-07-08,0.007683730977869008
2016-07-11,0.003098412694204189
2016-07-12,0.004526470932930238
2016-07-13,-0.005661599483260282
2016-07-14,0.019626733200562185
2016-07-15,-0.00010150446300327687
2016-07-18,0.01057370994388096
2016-07-19,0.0004006822036553004
2016-07-20,0.0009006974045289162
2016-07-21,-0.0053163836641729745
2016-07-22,-0.007774088405375412
2016-07-25,-0.01346959397788794
2016-07-26,-0.006907083255710322
2016-07-27,0.06294044158987555
2016-07-28,0.013411183040288766
2016-07-29,-0.0012463953016581542
2016-08-01,0.01750255830385683
2016-08-02,-0.01491510285444031
2016-08-03,0.012460315430167235
2016-08-04,0.006158665905118266
2016-08-05,0.01509271414034652
2016-08-08,0.008246367699245916
2016-08-09,0.004051995317340573
2016-08-10,-0.0074718592757152535
2016-08-11,-0.0006483085787509779
2016-08-12,0.002313647102264227
2016-08-15,0.01194518328763694
2016-08-16,-0.0009135716255368465
2016-08-17,-0.0014642600811747286
2016-08-18,-0.001282388227982878
2016-08-19,0.0025636664573891466
2016-08-22,-0.007802936331192445
2016-08-23,0.0031280719701891613
2016-08-24,-0.007561573041455105
2016-08-25,-0.004266796842754772
2016-08-26,-0.005874116472960544
2016-08-29,-0.0011227687204127257
2016-08-30,-0.007706217318043329
2016-08-31,0.0009430026873151753
2016-09-01,0.005920407457432386
2016-09-02,0.00932600911752779
2016-09-06,-0.00027876717137287343
2016-09-07,0.0061092408308423
2016-09-08,-0.026558457624004106
2016-09-09,-0.022910010434138428
2016-09-12,0.022151563150160758
2016-09-13,0.023526092571654722
2016-09-14,0.03477520483120333
2016-09-15,0.03343319845406301
2016-09-16,-0.005640225715675129
2016-09-19,-0.011728838394157393
2016-09-20,-8.795710833320314e-05
2016-09-21,-0.00017601068209804893
2016-09-22,0.00937902965634052
2016-09-23,-0.016804316424874344
2016-09-26,0.0015073072212263838
2016-09-27,0.0018585119744045642
2016-09-28,0.007575706380329894
2016-09-29,-0.015654768305691125
2016-09-30,0.00772544146280163
2016-10-03,-0.004699181354622439
2016-10-04,0.004256446189045526
2016-10-05,0.00044273516557691295
2016-10-06,0.007402817340759871
2016-10-07,0.0014917017022044732
2016-10-10,0.017296450172660904
2016-10-11,0.0021517925760079493
2016-10-12,0.008902826108547313
2016-10-13,-0.0030731881789809457
2016-10-14,0.005541248911885344
2016-10-17,-0.0006804093965744329
2016-10-18,-0.0006805186275880004
2016-10-19,-0.0029838447388370604
2016-10-20,-0.0005124682483432785
2016-10-21,-0.003937577485062516
2016-10-24,0.008964795508201284
2016-10-25,0.005087047201097761
2016-10-26,-0.02275161836130213
2016-10-27,-0.009649162217000296
2016-10-28,-0.006660785698231919
2016-10-31,-0.0015844384190488725
2016-11-01,-0.018219991126400714
2016-11-02,0.000896289712420284
2016-11-03,-0.010776388787935964
2016-11-04,-0.009055003648038795
2016-11-07,0.014321724682240244
2016-11-08,0.005870149494490828
2016-11-09,-0.0016221099662021565
2016-11-10,-0.028263729524980796
2016-11-11,0.005919908238634086
2016-11-14,-0.025405323218723908
2016-11-15,0.01315692311485428
2016-11-16,0.026533308900881902
2016-11-17,-0.00036406442280423335
2016-11-18,0.0010001441056126659
2016-11-21,0.015059719108649006
2016-11-22,0.0006261029289365005
2016-11-23,-0.0051112657166418884
2016-11-25,0.005021920463688989
2016-11-28,-0.001969991363640844
2016-11-29,-0.0009862301853056366
2016-11-30,-0.008469407735780088
2016-12-01,-0.00936365893462554
2016-12-02,0.0037377391783390834
2016-12-05,-0.007213997633270353
2016-12-06,0.007668925784038105
2016-12-07,0.009774868188100694
2016-12-08,0.009769186949915909
2016-12-09,0.016190207926944034
2016-12-12,-0.005720697905753802
2016-12-13,0.0165437708156837
2016-12-14,0.0
2016-12-15,0.005454203746715791
2016-12-16,0.0012943387472388324
2016-12-19,0.005760994349893522
2016-12-20,0.002653967373928978
2016-12-21,0.0009402382237984064
2016-12-22,-0.006599810431450415
2016-12-23,0.001976118950827832
2016-12-27,0.006330678018525937
2016-12-28,-0.004273190253452963
2016-12-29,-0.0002568836903757976
2016-12-30,-0.007826451288934333
2017-01-03,0.0028453798180883005
2017-01-04,-0.001119919294673366
2017-01-05,0.00507251173846468
2017-01-06,0.01108665988308255
2017-01-09,0.009117693846030228
2017-01-10,0.001008057103771609
2017-01-11,0.0053586565599528235
2017-01-12,-0.004184150419628274
2017-01-13,-0.0017624507086693164
2017-01-17,0.008032025988724545
2017-01-18,-8.303285078126166e-05
2017-01-19,-0.0017517095412085126
2017-01-20,0.0018347423919897743
2017-01-23,0.000666426762998551
2017-01-24,-0.0009163737436761465
2017-01-25,0.01579532378250459
2017-01-26,0.0004921361829937076
2017-01-27,8.20443943423399e-05
2017-01-30,-0.0026276084669105693
2017-01-31,-0.002304894460801954
2017-02-01,0.05919410586353724
2017-02-02,-0.0017105233301615286
2017-02-03,0.004270065439104798
2017-02-06,0.009330286182090752
2017-02-07,0.009472510487292585
2017-02-08,0.0038695818170810803
2017-02-09,0.007200287067257172
2017-02-10,-0.00226812641556684
2017-02-13,0.008816626527273108
2017-02-14,0.012895657035067565
2017-02-15,0.0036222380353687633
2017-02-16,-0.0011809754649378945
2017-02-17,0.0027299887915117615
2017-02-21,0.007194539148031254
2017-02-22,0.0029948092333800247
2017-02-23,-0.004239243164397166
2017-02-24,0.0009519354773286359
2017-02-27,0.001973669059748495
2017-02-28,0.0004382116534915603
2017-03-01,0.020233242622126113
2017-03-02,-0.005955134890120561
2017-03-03,0.005883457730617714
2017-03-06,-0.0031526239516357357
2017-03-07,0.001291228096966801
2017-03-08,-0.0037344040089655195
2017-03-09,-0.002304533825629562
2017-03-10,0.003311277409456803
2017-03-13,0.00043077939527691456
2017-03-14,-0.0015091332777861233
2017-03-15,0.010520522618622241
2017-03-16,0.0016362623118757469
2017-03-17,-0.004988175193774147
2017-03-20,0.010446348363621905
2017-03-21,-0.011518269086892463
2017-03-22,0.011235381346464735
2017-03-23,-0.003542046920410158
2017-03-24,-0.0019886792692482835
2017-03-27,0.0017047072757736537
2017-03-28,0.020515282562648007
2017-03-29,0.0022224578028131603
2017-03-30,-0.0013189133916102769
2017-03-31,-0.0018778767158518228
2017-04-03,0.00027836286344351535
2017-04-04,0.007418474026801292
2017-04-05,-0.005194012948356974
2017-04-06,-0.002502823941887833
2017-04-07,-0.002229811773533097
2017-04-10,-0.0011869258728558485
2017-04-11,-0.01081450681714502
2017-04-12,0.0011998238100918712
2017-04-13,-0.005303672488973454
2017-04-17,0.005515161060198892
2017-04-18,-0.004451963784263047
2017-04-19,-0.0036893052407482863
2017-04-20,0.0124329439599844
2017-04-21,-0.0011943139026695526
2017-04-24,0.009583417918666015
2017-04-25,0.006177126557553869
2017-04-26,-0.0058984955733514255
2017-04-27,0.00076529076097831
2017-04-28,-0.0009741706818791052
2017-05-01,0.020191430460509974
2017-05-02,0.006324999787402419
2017-05-03,-0.00305574526616903
2017-05-04,-0.003610185375955588
2017-05-05,0.016447618856687107
2017-05-08,0.02682530720415288
2017-05-09,0.006384634632595088
2017-05-10,-0.004752042877383289
2017-05-11,0.008610830401614589
2017-05-12,0.013869427912982069
2017-05-15,-0.002566051728563501
2017-05-16,-0.001478340163685754
2017-05-17,-0.034152085917988906
2017-05-18,0.015126379187156758
2017-05-19,0.0034033528352988007
2017-05-22,0.006057288714550246
2017-05-23,-0.001234476820673347
2017-05-24,-0.0029952623801778877
2017-05-25,0.0034503704479265096
2017-05-26,-0.0016908970274971402
2017-05-30,0.0003902061823968239
2017-05-31,-0.005939614509570923
2017-06-01,0.002745876850946516
2017-06-02,0.014710281218251797
2017-06-05,-0.009826199027902938
2017-06-06,0.0033725663745021173
2017-06-07,0.005938931123510294
2017-06-08,-0.002448509523106157
2017-06-09,-0.03954861607535065
2017-06-12,-0.02418632235035556
2017-06-13,0.008013874405644827
2017-06-14,-0.009803000772504067
2017-06-15,-0.006011811836211578
2017-06-16,-0.014098014460980135
2017-06-19,0.028205844859882312
2017-06-20,-0.009130470072455044
2017-06-21,0.005913424880926499
2017-06-22,-0.0016464447412065653
2017-06-23,0.0044535104085823285
2017-06-26,-0.003149710831731767
2017-06-27,-0.0144364941623647
2017-06-28,0.014504920049615233
2017-06-29,-0.014852896152981465
2017-06-30,0.002363556866145977
2017-07-03,-0.0036171371570867805
2017-07-05,0.004103142857225794
2017-07-06,-0.009483414856183536
2017-07-07,0.010107721064544606
2017-07-10,0.006084946417157511
2017-07-11,0.0032345285241919264
2017-07-12,0.0014423121411049067
2017-07-13,0.013832954809934517
2017-07-14,0.008557200653855457
2017-07-17,0.0034833575604573674
2017-07-18,0.0034707191290350714
2017-07-19,0.006243593775822731
2017-07-20,-0.004512522668028041
2017-07-21,-0.0004659057176072956
2017-07-24,0.012038483742083717
2017-07-25,0.0042650751544730525
2017-07-26,0.00470285778686419
2017-07-27,-0.01907847272391905
2017-07-28,-0.007065418534873302
2017-07-31,-0.005163783887391027
2017-08-01,0.008836287332957937
2017-08-02,0.04616849149968605
2017-08-03,-0.010041072486933977
2017-08-04,0.005256580736746841
2017-08-07,0.015355698704757614
2017-08-08,0.007965309734440318
2017-08-09,0.006103464978077344
2017-08-10,-0.03237016349951238
2017-08-11,0.013810574219614846
2017-08-14,0.01493763317274821
2017-08-15,0.010888356457289028
2017-08-16,-0.004030707312625559
2017-08-17,-0.019385017139721405
2017-08-18,-0.002283318807067225
2017-08-21,-0.0018426654822070176
2017-08-22,0.016215350543121065
2017-08-23,0.0012508957231469608
2017-08-24,-0.004448016357218698
2017-08-25,0.003697605351631772
2017-08-28,0.01002062573622231
2017-08-29,0.008878858240413123
2017-08-30,0.002697465500510976
2017-08-31,0.003970904730699942
2017-09-01,0.0003052696714469505
2017-09-05,-0.012081215180988814
2017-09-06,-0.001049490215681459
2017-09-07,-0.004022670016420982
2017-09-08,-0.01644376921578239
2017-09-11,0.017930507090277104
2017-09-12,-0.003970302128630809
2017-09-13,-0.007550683202372177
2017-09-14,-0.008618328125816532
2017-09-15,0.010058088100102669
2017-09-18,-0.007596833291464655
2017-09-19,0.00037803826815485664
2017-09-20,-0.016900253691928935
2017-09-21,-0.017320800766223332
2017-09-22,-0.009827323711806724
2017-09-25,-0.00886125618311473
2017-09-26,0.017057313494108328
2017-09-27,0.007092504419827339
2017-09-28,-0.006178735673950442
2017-09-29,0.005465359296427774
2017-10-02,-0.0020137270617262004
2017-10-03,0.00434663869695795
2017-10-04,-0.006494470675482145
2017-10-05,0.012368171545336093
2017-10-06,-0.00057972525972394
2017-10-09,0.0034710132710995545
2017-10-10,0.00038532162141491355
2017-10-11,0.004160686410873193
2017-10-12,-0.0035196867187545777
2017-10-13,0.006326377105664083
2017-10-16,0.018241388904311595
2017-10-17,0.0036832172230627513
2017-10-18,-0.004434199995266841
2017-10-19,-0.02394463589802509
2017-10-20,0.0017291320152486023
2017-10-23,-0.0005121555959828328
2017-10-24,0.005937384636851117
2017-10-25,-0.004401390540342387
2017-10-26,0.006372883698539944
2017-10-27,0.035202979423615055
2017-10-30,0.022258999328274687
2017-10-31,0.01381920364583733
2017-11-01,-0.012800172431046697
2017-11-02,0.007283717195048389
2017-11-03,0.025778664526086903
2017-11-06,0.010093611262243396
2017-11-07,0.003208679865584596
2017-11-08,0.008147211513317654
2017-11-09,-0.0020449485244022902
2017-11-10,-0.003314920574115199
2017-11-13,-0.004015478417555229
2017-11-14,-0.015233083235095535
2017-11-15,-0.013277920170826185
2017-11-16,0.011876221978412094
2017-11-17,-0.005567742296344935
2017-11-20,-0.000999748278518009
2017-11-21,0.018419574679680917
2017-11-22,0.010457195813900366
2017-11-24,5.688245335644382e-05
2017-11-27,-0.0050420354879574525
2017-11-28,-0.005876380366320877
2017-11-29,-0.02096109501543575
2017-11-30,0.013887266178712832
2017-12-01,-0.00466632050837168
2017-12-04,-0.007334447510747744
2017-12-05,-0.000942948249899267
2017-12-06,-0.0037203755895252044
2017-12-07,0.0018323846428152102
2017-12-08,0.0002952937602804795
2017-12-11,0.019296627166713876
2017-12-12,-0.005633752696617922
2017-12-13,0.003314488679629246
2017-12-14,-0.000290700370539021
2017-12-15,0.010110614422698116
2017-12-18,0.013984516324939023
2017-12-19,-0.01071376610739394
2017-12-20,-0.001089030717720707
2017-12-21,0.0037784619354352955
2017-12-22,0.0
2017-12-26,-0.025697397382169473
2017-12-27,0.00017579286470414957
2017-12-28,0.0028098240794878215
2017-12-29,-0.010872720567475902
2018-01-02,0.017746158733008777
2018-01-03,-0.00017409868394269168
2018-01-04,0.0046346121743581215
2018-01-05,0.011320587027606965
2018-01-08,-0.003721220181013063
2018-01-09,-0.00011482677636642791
2018-01-10,-0.00022941274223464703
2018-01-11,0.005664203663886536
2018-01-12,0.010273244495294875
2018-01-16,-0.00509495484921052
2018-01-17,0.01638128760477242
2018-01-18,0.00089289161708761
2018-01-19,-0.004472543334065104
2018-01-22,-0.008214816717417417
2018-01-23,0.00022571661324555237
2018-01-24,-0.016056604703683863
2018-01-25,-0.018012234530657256
2018-01-26,0.0023349686433089545
2018-01-29,-0.020915758766770765
2018-01-30,-0.005911790764811187
2018-01-31,0.002751264663152675
2018-02-01,0.0020882248494746847
2018-02-02,-0.04435948398007916
2018-02-05,-0.025302152986792947
2018-02-06,0.040942267521919984
2018-02-07,-0.021639656245771022
2018-02-08,-0.027902093954817353
2018-02-09,0.012157232633806192
2018-02-12,0.03948886159041942
2018-02-13,0.009967981034394668
2018-02-14,0.018268974474122235
2018-02-15,0.03302699011785437
2018-02-16,-0.003242556537376373
2018-02-20,-0.0033690213099415445
2018-02-21,-0.004549364171085202
2018-02-22,0.008324644929689207
2018-02-23,0.01724172283965064
2018-02-26,0.019579172139466916
2018-02-27,-0.003246071770785619
2018-02-28,-0.001514828243851074
2018-03-01,-0.017671420074526267
2018-03-02,0.006890567828391703
2018-03-05,0.0034557269414512426
2018-03-06,-0.0008488324383280066
2018-03-07,-0.00932625873038928
2018-03-08,0.010853510370750108
2018-03-09,0.017034990609151812
2018-03-12,0.009621433947626379
2018-03-13,-0.009676778820109089
2018-03-14,-0.008537876325489968
2018-03-15,0.0011759125215786703
2018-03-16,-0.0035322585356762914
2018-03-19,-0.015397290439269185
2018-03-20,-0.000342371788280893
2018-03-21,-0.022915309101623205
2018-03-22,-0.01423057641951031
2018-03-23,-0.023428846059450947
2018-03-26,0.046379635697018085
2018-03-27,-0.02597583481151089
2018-03-28,-0.011110402257455299
2018-03-29,0.007778514578129503
2018-04-02,-0.0065778373061324835
2018-04-03,0.010206880532674045
2018-04-04,0.018941632215589532
2018-04-05,0.006910460218879866
2018-04-06,-0.02591143940394236
2018-04-09,0.009869503384101641
2018-04-10,0.018642808674695033
2018-04-11,-0.0046864522515117635
2018-04-12,0.009810514331349829
2018-04-13,0.0033824488251079643
2018-04-16,0.006218531864099486
2018-04-17,0.01367054580521021
2018-04-18,-0.002246785304518717
2018-04-19,-0.028749675924591322
2018-04-20,-0.04183510367578469
2018-04-23,-0.0029008214592609605
2018-04-24,-0.014016703324326585
2018-04-25,0.004347566429630856
2018-04-26,0.0034771794523624777
2018-04-27,-0.011637162739903228
2018-04-30,0.017950360404078936
2018-05-01,0.022970320232758468
2018-05-02,0.043227235748173776
2018-05-03,0.0018108062234944988
2018-05-04,0.03848311210888822
2018-05-07,0.007208788367839336
2018-05-08,0.004795344330794649
2018-05-09,0.007016148879569695
2018-05-10,0.01420256287502486
2018-05-11,-0.003810486321860207
2018-05-14,-0.002335727057376946
2018-05-15,-0.009129977767773134
2018-05-16,0.009289377983575875
2018-05-17,-0.006343796116713207
2018-05-18,-0.003643239193859671
2018-05-21,0.007060452270106765
2018-05-22,-0.0025084518564377767
2018-05-23,0.006391160367490212
2018-05-24,-0.0011155256863890628
2018-05-25,0.0022829405013462534
2018-05-29,-0.0036123793402227378
2018-05-30,-0.0021311471972795815
2018-05-31,-0.0033656231753118604
2018-06-01,0.01787302506532429
2018-06-04,0.008323368338944093
2018-06-05,0.007685605202083945
2018-06-06,0.0034596430610420725
2018-06-07,-0.002684238852482146
2018-06-08,-0.009138973110146775
2018-06-11,-0.0024548764939917866
2018-06-12,0.005475415875430656
2018-06-13,-0.008250846752862806
2018-06-14,0.0005242465410550956
2018-06-15,-0.010325683088722393
2018-06-18,-0.0005297748520916024
2018-06-19,-0.016291447773594037
2018-06-20,0.00435246657612387
2018-06-21,-0.0055919972563303055
2018-06-22,-0.0029159966227414458
2018-06-25,-0.01498298550729471
2018-06-26,0.012329778625929766
2018-06-27,-0.001465165753071318
2018-06-28,0.007250008542890374
2018-06-29,-0.00210479658503937
2018-07-02,0.011120602296202708
2018-07-03,-0.01756986152012363
2018-07-05,0.008014826799247476
2018-07-06,0.013766759269377982
2018-07-09,0.013789697134465317
2018-07-10,-0.0012074523779475044
2018-07-11,-0.013061228103332656
2018-07-12,0.016627026020765268
2018-07-13,0.0015691179766514907
2018-07-16,-0.002197522932805729
2018-07-17,0.002824717723433068
2018-07-18,-0.005499725782722731
2018-07-19,0.007743190994072169
2018-07-20,-0.002295800836348061
2018-07-23,0.0008874778628666924
2018-07-24,0.007228536885973913
2018-07-25,0.009385567035843145
2018-07-26,-0.0031360248249563405
2018-07-27,-0.016771222790837648
2018-07-30,-0.005618554595786751
2018-07-31,0.0019991698676649072
2018-08-01,0.05724001365763565
2018-08-02,0.028811764131870365
2018-08-03,0.0028888455694242587
2018-08-06,0.005179092460557477
2018-08-07,-0.009418854454881664
2018-08-08,0.0006754913969064802
2018-08-09,0.00783425598729659
2018-08-10,-0.0029832098727249345
2018-08-13,0.006436450981118558
2018-08-14,0.004204190573100952
2018-08-15,0.0023334253681430717
2018-08-16,0.014543739931420774
2018-08-17,0.01977289359290113
2018-08-20,-0.009791123670040758
2018-08-21,-0.0019512391086311531
2018-08-22,4.650413062012859e-05
2018-08-23,0.002043744763701838
2018-08-24,0.003104370093196973
2018-08-27,0.008201167841193957
2018-08-28,0.008043128805206301
2018-08-29,0.014819303713940801
2018-08-30,0.009151365884412677
2018-08-31,0.01148783199781267
2018-09-04,0.00320176956237761
2018-09-05,-0.006546339251119804
2018-09-06,-0.016756726703847757
2018-09-07,-0.008101026503090303
2018-09-10,-0.01351155886284694
2018-09-11,0.02496861361928504
2018-09-12,-0.012496667105789339
2018-09-13,0.02386782948170918
2018-09-14,-0.011415982179633133
2018-09-17,-0.026986972629502226
2018-09-18,0.0016507063522017695
2018-09-19,0.0005955996619286807
2018-09-20,0.007573173190958737
2018-09-21,-0.010829842072508367
2018-09-24,0.014277838672021481
2018-09-25,0.006321006991565348
2018-09-26,-0.007998074999718607
2018-09-27,0.020343232287671764
2018-09-28,0.0035059078478125727
2018-10-01,0.006710737909269238
2018-10-02,0.008849159832100106
2018-10-03,0.012095179728345506
2018-10-04,-0.017737294917154145
2018-10-05,-0.01636205827629089
2018-10-08,-0.002321014973329927
2018-10-09,0.01375823364884221
2018-10-10,-0.04743322227561242
2018-10-11,-0.00886697862961583
2018-10-12,0.035095985964150866
2018-10-15,-0.02161765618605349
2018-10-16,0.021797594604391346
2018-10-17,-0.00433046861226849
2018-10-18,-0.023651094735761102
2018-10-19,0.015115170513251286
2018-10-22,0.0060913358819894015
2018-10-23,0.009382701156933404
2018-10-24,-0.03490364132276591
2018-10-25,0.02166142618926914
2018-10-26,-0.016051891108167737
2018-10-29,-0.018948332003013046
2018-10-30,0.004981776460776466
2018-10-31,0.02573245424397763
2018-11-01,0.01523563131772665
2018-11-02,-0.06863302396668747
2018-11-05,-0.02879867306267192
2018-11-06,0.010755777386083132
2018-11-07,0.029877615392846835
2018-11-08,-0.0034953295110273785
2018-11-09,-0.01946981523532232
2018-11-12,-0.051687296817442
2018-11-13,-0.010041198653367722
2018-11-14,-0.028654190388485823
2018-11-15,0.024379110067578758
2018-11-16,0.011014816188905208
2018-11-19,-0.040438762263451444
2018-11-20,-0.048957020033488785
2018-11-21,-0.0011306435047995222
2018-11-23,-0.02572687949875707
2018-11-26,0.013433000389190042
2018-11-27,-0.0021784149837174027
2018-11-28,0.03773167718655257
2018-11-29,-0.007711852809666908
2018-11-30,-0.005416927581601172
2018-12-03,0.03434593027937494
2018-12-04,-0.04498565817828348
2018-12-06,-0.011212095799205013
2018-12-07,-0.03630826732259651
2018-12-10,0.006566020497531522
2018-12-11,-0.005735733177196334
2018-12-12,0.0027836295502519093
2018-12-13,0.010880547885788072
2018-12-14,-0.0325203110819654
2018-12-17,-0.009350020621444521
2018-12-18,0.01290876735362323
2018-12-19,-0.03168859751944142
2018-12-20,-0.025558535023002982
2018-12-21,-0.03967179169668489
2018-12-24,-0.026215201330267668
2018-12-26,0.06805273700558923
2018-12-27,-0.0065111487287925485
2018-12-28,0.0005124952682216133
2018-12-31,0.009618556493064201
2019-01-02,0.0011404209445755598
2019-01-03,-0.1049241638844598
2019-01-04,0.04180340272724248
2019-01-07,-0.0022281358443674293
2019-01-08,0.018883474059225414
2019-01-09,0.016838757519314296
2019-01-10,0.0031913868389445987
2019-01-11,-0.009866284603040398
2019-01-14,-0.015151373056125905
2019-01-15,0.02025982743349175
2019-01-16,0.012142863847118601
2019-01-17,0.005920059084619567
2019-01-18,0.006140468901429941
2019-01-22,-0.022702058910236023
2019-01-23,0.004036360253486304
2019-01-24,-0.007957702741166361
2019-01-25,0.032599961122881105
2019-01-28,-0.009297961537939159
2019-01-29,-0.010418857869064269
2019-01-30,0.06610115496806968
2019-01-31,0.007175185362787051
2019-02-01,0.00048081831806845443
2019-02-04,0.028008798519891798
2019-02-05,0.01696504161123702
2019-02-06,0.00034433628416730144
2019-02-07,-0.019121121102503302
2019-02-08,0.0011743118687399523
2019-02-11,-0.005767501045211176
2019-02-12,0.008580479034185018
2019-02-13,-0.004163705872482826
2019-02-14,0.0036367520908018314
2019-02-15,-0.0022272322801106803
2019-02-19,0.0029878312175717348
2019-02-20,0.006415042178314678
2019-02-21,-0.005654367417548656
2019-02-22,0.011103741482666685
2019-02-25,0.00725773108233696
2019-02-26,0.0005742392301932853
2019-02-27,0.0030924469700179813
2019-02-28,-0.009884644858476843
2019-03-01,0.010456417686306896
2019-03-04,0.005017081171776905
2019-03-05,-0.0018214904008591049
2019-03-06,-0.0057709180523750625
2019-03-07,-0.01164197685686652
2019-03-08,0.0023740671979957106
2019-03-11,0.034055603221230246
2019-03-12,0.01117271009488574
2019-03-13,0.004412626362483518
2019-03-14,0.011055061266258104
2019-03-15,0.012924044789597744
2019-03-18,0.010157331089765798
2019-03-19,-0.007956803178187588
2019-03-20,0.008700759776040012
2019-03-21,0.036168586644388157
2019-03-22,-0.020925983416302696
2019-03-25,-0.012164686682577308
2019-03-26,-0.010385430252402905
2019-03-27,0.008953854217615298
2019-03-28,0.0013255722585152618
2019-03-29,0.006496398291110594
2019-04-01,0.0067681869738751566
2019-04-02,0.014432065238600078
2019-04-03,0.006831687049652313
2019-04-04,0.0017389107779686164
2019-04-05,0.006671790655093268
2019-04-08,0.015613445115438829
2019-04-09,-0.003002961308599783
2019-04-10,0.005598364805393441
2019-04-11,-0.008358863104480196
2019-04-12,-0.00040239488559157266
2019-04-15,0.0018085808577446016
2019-04-16,0.00010073284759082313
2019-04-17,0.01928568990337798
2019-04-18,0.003587466245171367
2019-04-22,0.0032807717713603246
2019-04-23,0.014320386277237862
2019-04-24,-0.0015433618362479251
2019-04-25,-0.009116373777740883
2019-04-26,-0.004785686916428666
2019-04-29,0.0015162977922922316
2019-04-30,-0.019443893231204434
2019-05-01,0.04791865362377168
2019-05-02,-0.006528897497388275
2019-05-03,0.012354832843832764
2019-05-06,-0.015563324225051467
2019-05-07,-0.027326886278712603
2019-05-08,0.00019698468572748595
2019-05-09,-0.010802312199828634
2019-05-10,-0.013950179315028954
2019-05-13,-0.059876656121287564
2019-05-14,0.015706078426158232
2019-05-15,0.011907992389168953
2019-05-16,-0.004409588500651651
2019-05-17,-0.005697711980622966
2019-05-20,-0.03176929766073533
2019-05-21,0.01898962625980216
2019-05-22,-0.020684322318472947
2019-05-23,-0.01721676695174068
2019-05-24,-0.0038480582979758537
2019-05-28,-0.004143322173979058
2019-05-29,-0.00478055874277139
2019-05-30,0.005173006201482977
2019-05-31,-0.018281556946134092
2019-06-03,-0.01016180623201679
2019-06-04,0.03593091888417055
2019-06-05,0.016014511907632478
2019-06-06,0.01457465405466074
2019-06-07,0.026269004903402227
2019-06-10,0.012698311864314249
2019-06-11,0.011513327921352623
2019-06-12,-0.0031878601643700044
2019-06-13,-0.00020593315459649375
2019-06-14,-0.00728885009177338
2019-06-17,0.00594892149361792
2019-06-18,0.023245868503306344
2019-06-19,-0.0029267922118267897
2019-06-20,0.008003716291059337
2019-06-21,-0.003415196102842799
2019-06-24,-0.0010066130127626138
2019-06-25,-0.015273669070475115
2019-06-26,0.021398433491897073
2019-06-27,-0.0003001608596284733
2019-06-28,-0.009153939658864463
2019-07-01,0.01817477345573071
2019-07-02,0.0058374075028151395
2019-07-03,0.008252827683557395
2019-07-05,-0.0008810531729501747
2019-07-08,-0.0208293456042421
2019-07-09,0.006080646398500367
2019-07-10,0.00984030424475213
2019-07-11,-0.00730915772084284
2019-07-12,0.007653572176216095
2019-07-15,0.009351133506922071
2019-07-16,-0.0034660587632129314
2019-07-17,-0.005639170571583918
2019-07-18,0.011295636904915973
2019-07-19,-0.015040063320353791
2019-07-22,0.022597066072501004
2019-07-23,0.007787031108204445
2019-07-24,-0.0008141438045186078
2019-07-25,-0.007938635076199407
2019-07-26,0.0034716001870127577
2019-07-29,0.009295373674845564
2019-07-30,-0.0043013610206186215
2019-07-31,0.02019876859782821
2019-08-01,-0.021876529477589557
2019-08-02,-0.021385245858530855
2019-08-05,-0.05376803943110042
2019-08-06,0.018753657298737902
2019-08-07,0.010302022029965219
2019-08-08,0.021816292605672416
2019-08-09,-0.008274444483501231
2019-08-12,-0.002540907956583016
2019-08-13,0.04147623888416696
2019-08-14,-0.030217005357808358
2019-08-15,-0.004994093074320194
2019-08-16,0.02332086531651001
2019-08-19,0.018472594665083886
2019-08-20,4.7342209855916195e-05
2019-08-21,0.010780155757582843
2019-08-22,-0.0008467916504870665
2019-08-23,-0.04732270826572682
2019-08-26,0.01882118010849787
2019-08-27,-0.011348119011531654
2019-08-28,0.006687849979169602
2019-08-29,0.016790245564055617
2019-08-30,-0.001292763265264174
2019-09-03,-0.014670794879940718
2019-09-04,0.016824245373130875
2019-09-05,0.019363007250453812
2019-09-06,-9.383640559024187e-05
2019-09-09,0.004257927651206916
2019-09-10,0.011744010637758429
2019-09-11,0.03129984714619205
2019-09-12,-0.0022385052755877766
2019-09-13,-0.01964596274153685
2019-09-16,0.0052434661282370065
2019-09-17,0.003631452265185686
2019-09-18,0.009335430775910591
2019-09-19,-0.008158180704126217
2019-09-20,-0.014725943736850766
2019-09-23,0.004536754836607315
2019-09-24,-0.004766421214244421
2019-09-25,0.015272700685250218
2019-09-26,-0.00517144179531881
2019-09-27,-0.004877668599651663
2019-09-30,0.023262626381454155
2019-10-01,0.002764503365343618
2019-10-02,-0.025387646747752957
2019-10-03,0.00845891564179313
2019-10-04,0.027646093109434666
2019-10-07,0.0002202980570364943
2019-10-08,-0.011784250124554863
2019-10-09,0.01165182565868994
2019-10-10,0.013388546119039724
2019-10-11,0.02625090858752621
2019-10-14,-0.0014405273791116002
2019-10-15,-0.0023344928892461425
2019-10-16,-0.004045525312982967
2019-10-17,0.003875558192651951
2019-10-18,0.004791257891891831
2019-10-21,0.0171941792320478
2019-10-22,-0.0022896014640867435
2019-10-23,0.013329525059572411
2019-10-24,0.0016437654391570078
2019-10-25,0.012240998331263242
2019-10-28,0.009967276287895288
2019-10-29,-0.023399520048457134
2019-10-30,-0.0001234594298491487
2019-10-31,0.022357849451843492
2019-11-01,0.027985497051919772
2019-11-04,0.006545534442834899
2019-11-05,-0.001437961861233461
2019-11-06,0.00042766655461434766
2019-11-07,0.011475229597806447
2019-11-08,0.002733307173724775
2019-11-11,0.007887689722502422
2019-11-12,-0.0009159930027449192
2019-11-13,0.009536041448198418
2019-11-14,-0.00694370665594235
2019-11-15,0.011809444176659412
2019-11-18,0.005029301449002155
2019-11-19,-0.0030367971346114686
2019-11-20,-0.011710044773318273
2019-11-21,-0.004493236859641314
2019-11-22,-0.0008782454684510554
2019-11-25,0.017381787846106
2019-11-26,-0.00783916191869416
2019-11-27,0.013342781803107329
2019-11-29,-0.002205268539336558
2019-12-02,-0.011629608309076112
2019-12-03,-0.017991079889474015
2019-12-04,0.008787435128303933
2019-12-05,0.014564901374023442
2019-12-06,0.01913189004092608
2019-12-09,-0.014099189977171633
2019-12-10,0.005827322285496095
2019-12-11,0.008493190750137103
2019-12-12,0.002545253425818572
2019-12-13,0.013501357779188261
2019-12-16,0.01697323471328982
2019-12-17,0.0019633698101415575
2019-12-18,-0.002392247998529662
2019-12-19,0.0010005427219397234
2019-12-20,-0.0020738264984805355
2019-12-23,0.016186991668670103
2019-12-24,0.0009499475438810023
2019-12-26,0.019646280636075986
2019-12-27,-0.00037974596313539166
2019-12-30,0.0059176997344909665
2019-12-31,0.007280164206796336
2020-01-02,0.02255995178433512
2020-01-03,-0.009769778749687319
2020-01-06,0.007936769784859798
2020-01-07,-0.004713996016382005
2020-01-08,0.015958118728765847
2020-01-09,0.021018689903653076
2020-01-10,0.002257652077576111
2020-01-13,0.021139384455764798
2020-01-14,-0.013595193491585889
2020-01-15,-0.00429459275263433
2020-01-16,0.012448651404703526
2020-01-17,0.011010180211554754
2020-01-21,-0.006800068709204687
2020-01-22,0.0035630339833190305
2020-01-23,0.004804384144538432
2020-01-24,-0.002885899538322967
2020-01-27,-0.02984662955980344
2020-01-28,0.027896593540233106
2020-01-29,0.020716574808147037
2020-01-30,-0.0014499779268035695
2020-01-31,-0.04535223815748157
2020-02-03,-0.0027494170528168382
2020-02-04,0.032479869790037696
2020-02-05,0.008121246048221842
2020-02-06,0.011629225809428156
2020-02-07,-0.013685964315160781
2020-02-10,0.0047383074537092895
2020-02-11,-0.006051841404960179
2020-02-12,0.023470476411365127
2020-02-13,-0.007146399094392741
2020-02-14,0.00024602763556202945
2020-02-18,-0.018480305959189813
2020-02-19,0.014379167737532228
2020-02-20,-0.010312019740735145
2020-02-21,-0.022895214664555574
2020-02-24,-0.04866533940055362
2020-02-25,-0.0344591840717996
2020-02-26,0.015739013213343256
2020-02-27,-0.06760266542601912
2020-02-28,-0.0005850216515836948
2020-03-02,0.089018233463797
2020-03-03,-0.03227455021695391
2020-03-04,0.045341074887540245
2020-03-05,-0.03297500108997564
2020-03-06,-0.013369035093528048
2020-03-09,-0.08239522094681018
2020-03-10,0.0695461935602184
2020-03-11,-0.035347911018528855
2020-03-12,-0.10397775278281252
2020-03-13,0.11315765380370024
2020-03-16,-0.13770818542637375
2020-03-17,0.043030694271222636
2020-03-18,-0.024784418261229568
2020-03-19,-0.0076914916491883645
2020-03-20,-0.06559056796876117
2020-03-23,-0.021472928085720877
2020-03-24,0.09560596460473336
2020-03-25,-0.0055241018341334325
2020-03-26,0.05128523190090206
2020-03-27,-0.04228377632749414
2020-03-30,0.02813833730496107
2020-03-31,-0.0020426956746888436
2020-04-01,-0.05405200753148609
2020-04-02,0.016549150500469345
2020-04-03,-0.014475708524077646
2020-04-06,0.08363991822953487
2020-04-07,-0.011649924027186565
2020-04-08,0.02527243635242815
2020-04-09,0.007190111516505837
2020-04-13,0.01943779568419224
2020-04-14,0.04926902536361588
2020-04-15,-0.009168789307752334
2020-04-16,0.007913976172202908
2020-04-17,-0.013661436450770559
2020-04-20,-0.020974920612270687
2020-04-21,-0.031398340049624274
2020-04-22,0.02839635297597276
2020-04-23,-0.0038829331988843307
2020-04-24,0.028460456840862847
2020-04-27,0.0007066500563830402
2020-04-28,-0.016341688781894348
2020-04-29,0.03231679459177439
2020-04-30,0.020876817112463364
2020-05-01,-0.016230378125386302
2020-05-04,0.014049758689880676
2020-05-05,0.014897231521572962
2020-05-06,0.010264169972844073
2020-05-07,0.0102918980494211
2020-05-08,0.023522937511041953
2020-05-11,0.015612932329210238
2020-05-12,-0.011493808483657553
2020-05-13,-0.01214792829138478
2020-05-14,0.006124731468699629
2020-05-15,-0.005929636770463986
2020-05-18,0.02328783363121989
2020-05-19,-0.005795249442184236
2020-05-20,0.019261496135857925
2020-05-21,-0.007483539747989987
2020-05-22,0.006418026251353126
2020-05-26,-0.006796498316195887
2020-05-27,0.004347513186427676
2020-05-28,0.00043970419799332916
2020-05-29,-0.0009743926023997318
2020-06-01,0.012223047417648125
2020-06-02,0.004618812070648737
2020-06-03,0.005489769798971977
2020-06-04,-0.008649275589776906
2020-06-05,0.02808296483856232
2020-06-08,0.005894990333664474
2020-06-09,0.031089404858700043
2020-06-10,0.025402411989240647
2020-06-11,-0.049201467651256436
2020-06-12,0.008596474231925555
2020-06-15,0.012291454414536496
2020-06-16,0.026157197104605956
2020-06-17,-0.0013928720246969561
2020-06-18,0.0003982892224616563
2020-06-19,-0.00573131316267439
2020-06-22,0.025827693137894236
2020-06-23,0.021120036480485993
2020-06-24,-0.017809571122757717
2020-06-25,0.013188276763610673
2020-06-26,-0.03120779741540236
2020-06-29,0.02278498589188871
2020-06-30,0.008313292047434473
2020-07-01,-0.001893391127120836
2020-07-02,0.0
2020-07-06,0.02639853709542006
2020-07-07,-0.0031075399858853103
2020-07-08,0.023022802039703194
2020-07-09,0.004291249542974107
2020-07-10,0.00174773137375972
2020-07-13,-0.004623733952509923
2020-07-14,0.016412764311168893
2020-07-15,0.006853891183170369
2020-07-16,-0.012381279679072321
2020-07-17,-0.0020223832785069007
2020-07-20,0.02085519783021006
2020-07-21,-0.013898135920364929
2020-07-22,0.002805618060568449
2020-07-23,-0.046585115129031074
2020-07-24,-0.002480323263056583
2020-07-27,0.0234238877516999
2020-07-28,-0.016564125073995406
2020-07-29,0.018986928690298832
2020-07-30,0.012027560573730334
2020-07-31,0.09956364156218545
2020-08-03,0.024885452054520307
2020-08-04,0.006655741093260836
2020-08-05,0.003618302449562627
2020-08-06,0.034294608050680075
2020-08-07,-0.02299826692540119
2020-08-10,0.014429938263719855
2020-08-11,-0.030190945328135932
2020-08-12,0.032693940433622615
2020-08-13,0.017542827186768584
2020-08-14,-0.0008916453508849287
2020-08-17,-0.0026143619726717304
2020-08-18,0.008298411044084908
2020-08-19,0.0012539440295933346
2020-08-20,0.021946958252381243
2020-08-21,0.050248513326890176
2020-08-24,0.011889338646111192
2020-08-25,-0.00823748313628947
2020-08-26,0.013507402961796089
2020-08-27,-0.01202654644428236
2020-08-28,-0.0016211242429138295
2020-08-31,0.03334985497919618
2020-09-01,0.03905968558097239
2020-09-02,-0.020936030905319036
2020-09-03,-0.0834477529722788
2020-09-04,0.0006615421041011871
2020-09-08,-0.06966616007269621
2020-09-09,0.039111503988298324
2020-09-10,-0.03319044909847246
2020-09-11,-0.01321584508539786
2020-09-14,0.029558809047181
2020-09-15,0.0015592482169806132
2020-09-16,-0.0299579766395075
2020-09-17,-0.016092337473561535
2020-09-18,-0.03223425848470196
2020-09-21,0.02987518735548189
2020-09-22,0.015593584668978089
2020-09-23,-0.04285133603571012
2020-09-24,0.010216355829618884
2020-09-25,0.03682951106551435
2020-09-28,0.02358866048692576
2020-09-29,-0.007596688878567015
2020-09-30,0.014963248428015774
2020-10-01,0.008426524172516991
2020-10-02,-0.0328125422401806
2020-10-05,0.030326435657979545
2020-10-06,-0.02908849478288822
2020-10-07,0.01682462954458952
2020-10-08,-0.0009560419080960614
2020-10-09,0.017246319217222528
2020-10-12,0.061584465000321664
2020-10-13,-0.02688555945136084
2020-10-14,0.0007429416995128335
2020-10-15,-0.00396853247251272
2020-10-16,-0.014099317258316368
2020-10-19,-0.025873869513065806
2020-10-20,0.013105668816725924
2020-10-21,-0.005461333667430068
2020-10-22,-0.009629425134925818
2020-10-23,-0.006152966656880032
2020-10-26,8.721418252743973e-05
2020-10-27,0.013382353173360784
2020-10-28,-0.047419031003700596
2020-10-29,0.03638055675620144
2020-10-30,-0.05764822502993283
2020-11-02,-0.0008271256097795998
2020-11-03,0.015236810610497642
2020-11-04,0.04002490877295184
2020-11-05,0.03487830045862861
2020-11-06,-0.001136772743440595
2020-11-09,-0.020170117174298063
2020-11-10,-0.0030133880806193503
2020-11-11,0.029901213403720206
2020-11-12,-0.002346117351424759
2020-11-13,0.00041949659315676513
2020-11-16,0.008682571077209822
2020-11-17,-0.007593109800183129
2020-11-18,-0.011456642490577096
2020-11-19,0.0051546481988653525
2020-11-20,-0.011017926356934105
2020-11-23,-0.030193895042185837
2020-11-24,0.01152751345556613
2020-11-25,0.007439520771569619
2020-11-27,0.00481468089913939
2020-11-30,0.02088012280345808
2020-12-01,0.030361899732424646
2020-12-02,0.00292913334145517
2020-12-03,-0.0011382510335993246
2020-12-04,-0.005628257771215672
2020-12-07,0.012195241233033727
2020-12-08,0.005078046607293274
2020-12-09,-0.021125252424532448
2020-12-10,0.011917610945159751
2020-12-11,-0.0067578221894715185
2020-12-14,-0.005159788755688233
2020-12-15,0.04887635358840736
2020-12-16,-0.0005476934848456239
2020-12-17,0.0069393173282090714
2020-12-18,-0.015977636795273753
2020-12-21,0.012319134185198699
2020-12-22,0.028066827766560998
2020-12-23,-0.00700036818912686
2020-12-24,0.007682496172016329
2020-12-28,0.03514097531048588
2020-12-29,-0.013404001512576258
2020-12-30,-0.008563335841794029
2020-12-31,-0.00773282784597118
2021-01-04,-0.02502981352834599
2021-01-05,0.012287954095144826
2021-01-06,-0.034240952284677384
2021-01-07,0.03355376424468837
2021-01-08,0.008594407192865638
2021-01-11,-0.023523618229157606
2021-01-12,-0.0013963199032609452
2021-01-13,0.016096463077107437
2021-01-14,-0.015242739043658027
2021-01-15,-0.013825678975227795
2021-01-19,0.005412493517391148
2021-01-20,0.03232792122414985
2021-01-21,0.03600211584852975
2021-01-22,0.01594588452200174
2021-01-25,0.02730782523959352
2021-01-26,0.001677624840424663
2021-01-27,-0.007713407269541506
2021-01-28,-0.0356118707764308
2021-01-29,-0.03813864612457518
2021-02-01,0.01638522628547978
2021-02-02,0.00631681691610364
2021-02-03,-0.007808881763442521
2021-02-04,0.025431796931814965
2021-02-05,-0.0031027129700396117
2021-02-08,0.001096013364360715
2021-02-09,-0.006595437444618213
2021-02-10,-0.0045689411057479035
2021-02-11,-0.0019222488215833167
2021-02-12,0.0017744968536295147
2021-02-16,-0.016235035425535393
2021-02-17,-0.01780159393291747
2021-02-18,-0.008673785552533175
2021-02-19,0.001232804001643828
2021-02-22,-0.03025221129162947
2021-02-23,-0.0011116903021148872
2021-02-24,-0.00406033273529971
2021-02-25,-0.03540199735646521
2021-02-26,0.0022290766544754703
2021-03-01,0.05245135474142604
2021-03-02,-0.021114976108564498
2021-03-03,-0.02476067756040745
2021-03-04,-0.015938226015126844
2021-03-05,0.01068105155207899
2021-03-08,-0.0425665808691198
2021-03-09,0.039845196066590205
2021-03-10,-0.009208999745110802
2021-03-11,0.016367973212877196
2021-03-12,-0.007654661419472575
2021-03-15,0.024162552510880175
2021-03-16,0.012662445424891366
2021-03-17,-0.00647152828153974
2021-03-18,-0.034493136543986225
2021-03-19,-0.004490159628153911
2021-03-22,0.027941393471557774
2021-03-23,-0.0069124652280523335
2021-03-24,-0.02019602258234876
2021-03-25,0.004154932747531426
2021-03-26,0.0051280571982887935
2021-03-29,0.0014840573682208813
2021-03-30,-0.012350527179448179
2021-03-31,0.018591688461710554
2021-04-01,0.006934650565621148
2021-04-05,0.02330372864264252
2021-04-06,0.0024591996047682585
2021-04-07,0.013301504507555961
2021-04-08,0.019051133077776505
2021-04-09,0.020049265856945553
2021-04-12,-0.013321414569417378
2021-04-13,0.024015921234385118
2021-04-14,-0.018014612552207154
2021-04-15,0.018535263327371432
2021-04-16,-0.002531184988535884
2021-04-19,0.005055398878000439
2021-04-20,-0.01291288835090576
2021-04-21,0.002925778489517583
2021-04-22,-0.011754235234928245
2021-04-23,0.01787788337133911
2021-04-26,0.0029735839469262615
2021-04-27,-0.0024527398322025107
2021-04-28,-0.0060455754404724615
2021-04-29,-0.0007488779635007603
2021-04-30,-0.015249053846334348
2021-05-03,0.008182004712391944
2021-05-04,-0.036026708961596654
2021-05-05,0.001953522384505746
2021-05-06,0.012721351741078024
2021-05-07,0.005313159495318409
2021-05-10,-0.02614329456974751
2021-05-11,-0.00743797886135944
2021-05-12,-0.025254543028628618
2021-05-13,0.017761013342953547
2021-05-14,0.01965047389131236
2021-05-17,-0.009301839830067493
2021-05-18,-0.011309262777405849
2021-05-19,-0.0012824216499831564
2021-05-20,0.0207942670177772
2021-05-21,-0.01487709294687356
2021-05-24,0.013226091742416735
2021-05-25,-0.0015746183949563175
2021-05-26,-0.00039408850518540817
2021-05-27,-0.012454173120621803
2021-05-28,-0.005362245220056572
2021-06-01,-0.0026517742646028353
2021-06-02,0.0062564723998184135
2021-06-03,-0.012228627259723623
2021-06-04,0.018843574485651438
2021-06-07,7.949329081746725e-05
2021-06-08,0.006649737912973741
2021-06-09,0.003072378290137401
2021-06-10,-0.008055516112283279
2021-06-11,0.009784593285409926
2021-06-14,0.024280507085821412
2021-06-15,-0.006458217297447888
2021-06-16,0.003926070961338013
2021-06-17,0.012522110733362624
2021-06-18,-0.010143196430280277
2021-06-21,0.014005755729774805
2021-06-22,0.012618339932829237
2021-06-23,-0.0020919331292308385
2021-06-24,-0.0021715067670893262
2021-06-25,-0.0022511206918807147
2021-06-28,0.012467726327652251
2021-06-29,0.011434479114220686
2021-06-30,0.00461072230972448
2021-07-01,0.0022607620128587413
2021-07-02,0.019406983311742287
2021-07-06,0.014611438816476863
2021-07-07,0.017795806843838413
2021-07-08,-0.009242378255090777
2021-07-09,0.012970309396076907
2021-07-12,-0.004212458909949923
2021-07-13,0.007858420500588714
2021-07-14,0.023814572794147004
2021-07-15,-0.004502345737709135
2021-07-16,-0.014175759378963981
2021-07-19,-0.027283220430700084
2021-07-20,0.02564231259506755
2021-07-21,-0.005144709879186138
2021-07-22,0.009582226644910818
2021-07-23,0.011918113871058011
2021-07-26,0.0028900612915183643
2021-07-27,-0.015012236299234871
2021-07-28,-0.012270927178377633
2021-07-29,0.004541911707470092
2021-07-30,0.001509647848007667
2021-08-02,-0.0023339365914916144
2021-08-03,0.012565032934283238
2021-08-04,-0.002786072130084527
2021-08-05,0.000748167256384491
2021-08-06,-0.004778477346773613
2021-08-09,-0.0003422180321015489
2021-08-10,-0.0033596274845857366
2021-08-11,0.0017842352506320935
2021-08-12,0.020560346699907583
2021-08-13,0.0014093239584020978
2021-08-16,0.013456925463997571
2021-08-17,-0.006173044171896791
2021-08-18,-0.025831678691849547
2021-08-19,0.0023203863871374963
2021-08-20,0.0101054526064015
2021-08-23,0.010204773536810485
2021-08-24,-0.0006012771691450425
2021-08-25,-0.008456589360368305
2021-08-26,-0.005542673851264723
2021-08-27,0.007158630974834601
2021-08-30,0.02996374383072009
2021-08-31,-0.008460380064565953
2021-09-01,0.0044686713979853465
2021-09-02,0.007447086826489979
2021-09-03,0.0042216387317326465
2021-09-07,0.015370547677469482
2021-09-08,-0.010135035263765246
2021-09-09,-0.006727322283336612
2021-09-10,-0.03366219065801879
2021-09-13,0.0038859851270105494
2021-09-14,-0.009608012429740853
2021-09-15,0.006124737592362983
2021-09-16,-0.001611815127293248
2021-09-17,-0.01851811973726214
2021-09-20,-0.02159250506183863
2021-09-21,0.0034222581296052823
2021-09-22,0.016731355390283476
2021-09-23,0.006696652900170186
2021-09-24,0.0006126989046455478
2021-09-27,-0.010606042191885656
2021-09-28,-0.024088743235249233
2021-09-29,0.0064620304102591675
2021-09-30,-0.00935577181562941
2021-10-01,0.008094438642388901
2021-10-04,-0.024913498619887342
2021-10-05,0.014059336472619144
2021-10-06,0.006287399069810462
2021-10-07,0.009043410547340258
2021-10-08,-0.002725528451031245
2021-10-11,-0.0006300496532229971
2021-10-12,-0.009144834607906382
2021-10-13,-0.00424882665809001
2021-10-14,0.020023924308675944
2021-10-15,0.007484378853378715
2021-10-18,0.011737087572191385
2021-10-19,0.01496760378211448
2021-10-20,0.003355382321778677
2021-10-21,0.0014729467556904297
2021-10-22,-0.005299131322476391
2021-10-25,-0.0003361381785174089
2021-10-26,0.004564250709046647
2021-10-27,-0.003152453389020593
2021-10-28,0.024684232519844862
2021-10-29,-0.018322574466780317
2021-11-01,-0.005623199214883634
2021-11-02,0.007090944447932124
2021-11-03,0.009750998308370562
2021-11-04,-0.003504732226812024
2021-11-05,0.003575997230082173
2021-11-08,-0.005568075305108167
2021-11-09,0.0024565255590411894
2021-11-10,-0.019349330020710376
2021-11-11,-0.0003381332129590575
2021-11-12,0.014235152305318799
2021-11-15,6.678369568380305e-05
2021-11-16,0.006644494572018544
2021-11-17,0.016355706930611724
2021-11-18,0.02813610776828046
2021-11-19,0.016833732424938574
2021-11-22,0.0029231558106079802
2021-11-23,0.0024191415529308813
2021-11-24,0.003278240783562758
2021-11-26,-0.03219101917173628
2021-11-29,0.021637823108618726
2021-11-30,0.031089059291934618
2021-12-01,-0.003211215061501349
2021-12-02,-0.006148491455889804
2021-12-03,-0.011793865257614833
2021-12-06,0.021274859180174133
2021-12-07,0.03483243659957225
2021-12-08,0.02252756681067325
2021-12-09,-0.0029748005313727788
2021-12-10,0.027628408083235634
2021-12-13,-0.020891082768069502
2021-12-14,-0.008055473347558184
2021-12-15,0.02811035564074249
2021-12-16,-0.04005551945074526
2021-12-17,-0.006523101264906295
2021-12-20,-0.008154953071346505
2021-12-21,0.018906762501505803
2021-12-22,0.015202828541362123
2021-12-23,0.0036369946448102652
2021-12-27,0.022714927098268944
2021-12-28,-0.005783982828539536
2021-12-29,0.0005018496744595424
2021-12-30,-0.006599809795204692
2021-12-31,-0.003541586028645405
2022-01-03,0.02469654348232453
2022-01-04,-0.012772868726764308
2022-01-05,-0.026959749592085913
2022-01-06,-0.01683431758475784
2022-01-07,0.0009878650571550907
2022-01-10,0.00011617657477103194
2022-01-11,0.016644533691360763
2022-01-12,0.002566755522765085
2022-01-13,-0.01921128921412585
2022-01-14,0.005097733019794326
2022-01-18,-0.01907499380392519
2022-01-19,-0.021248866084206064
2022-01-20,-0.010401024070464615
2022-01-21,-0.012847559999483948
2022-01-24,-0.004876133424846607
2022-01-25,-0.011449779315015896
2022-01-26,-0.0005635256842966285
2022-01-27,-0.002947341943731807
2022-01-28,0.06745065047236842
2022-01-31,0.025790566435713203
2022-02-01,-0.0009733734764880708
2022-02-02,0.0070195717064809315
2022-02-03,-0.016861096316083568
2022-02-04,-0.0016809397162340645
2022-02-07,-0.004243394276092438
2022-02-08,0.0182980434439326
2022-02-09,0.008259806634703715
2022-02-10,-0.023881878664499645
2022-02-11,-0.020425375201358342
2022-02-14,0.0014222210523708867
2022-02-15,0.022888255034527738
2022-02-16,-0.001389655536494061
2022-02-17,-0.021498599498033677
2022-02-18,-0.009399833941557745
2022-02-22,-0.017973018938378438
2022-02-23,-0.02620454685816931
2022-02-24,0.016542498971235275
2022-02-25,0.012882293883956564
2022-02-28,0.0016364904829329063
2022-03-01,-0.011695964380162849
2022-03-02,0.02037903155687104
2022-03-03,-0.0019832792087122186
2022-03-04,-0.018579675018776776
2022-03-07,-0.02400341282373386
2022-03-08,-0.011744733026898047
2022-03-09,0.03439872692071955
2022-03-10,-0.027562484742866822
2022-03-11,-0.02419900522006735
2022-03-14,-0.02692157202088552
2022-03-15,0.029245337677719085
2022-03-16,0.02860267050517873
2022-03-17,0.006433165810990182
2022-03-18,0.020703106786386982
2022-03-21,0.008501505991880265
2022-03-22,0.02058710150464549
2022-03-23,0.008200090730803744
2022-03-24,0.022424366252788985
2022-03-25,0.0037272371093868273
2022-03-28,0.00502401558302612
2022-03-29,0.018953688977563665
2022-03-30,-0.006671843311354841
2022-03-31,-0.017935741904072877
2022-04-01,-0.0017195591354122186
2022-04-04,0.02341715461921723
2022-04-05,-0.019123654940497836
2022-04-06,-0.018623145607605807
2022-04-07,0.00180238511254327
2022-04-08,-0.011980295454179668
2022-04-11,-0.02584715459538689
2022-04-12,0.01145766943071358
2022-04-13,0.01621020037813814
2022-04-14,-0.030447013566079484
2022-04-18,-0.0013317229287146404
2022-04-19,0.014016530845695208
2022-04-20,-0.0010161302588489463
2022-04-21,-0.0048555178077380745
2022-04-22,-0.028215532762086326
2022-04-25,0.006714855791524421
2022-04-26,-0.03804270186557357
2022-04-27,-0.0014680738341761312
2022-04-28,0.044165730619695864
2022-04-29,-0.03729153291962195
2022-05-02,0.0019644421112685606
2022-05-03,0.009576658375369362
2022-05-04,0.04018975035094918
2022-05-05,-0.057328405140467
2022-05-06,0.004716226254576128
2022-05-09,-0.033752591255902686
2022-05-10,0.015983346640802587
2022-05-11,-0.053233292075369754
2022-05-12,-0.02726238603075526
2022-05-13,0.03141745231485693
2022-05-16,-0.010729527668913441
2022-05-17,0.025104997443982313
2022-05-18,-0.05807326695548465
2022-05-19,-0.0249501900499407
2022-05-20,0.0017459757805227127
2022-05-23,0.03933514783521108
2022-05-24,-0.019402949096538613
2022-05-25,0.0011393310973435433
2022-05-26,0.022934406368045224
2022-05-27,0.03994817793084238
2022-05-31,-0.005360762562189869
2022-06-01,-0.0008737467858903614
2022-06-02,0.016671687292681092
2022-06-03,-0.03931849929757725
2022-06-06,0.00521385828500609
2022-06-07,0.017432953719890065
2022-06-08,-0.0050561076391817394
2022-06-09,-0.0366178468881877
2022-06-10,-0.039394606840104096
2022-06-13,-0.03903698716318704
2022-06-14,0.0066505929263929175
2022-06-15,0.019911874436155053
2022-06-16,-0.04045888062731784
2022-06-17,0.011467018208819901
2022-06-21,0.032235518900809446
2022-06-22,-0.0038343981729083154
2022-06-23,0.021344078193539673
2022-06-24,0.024221786316638294
2022-06-27,0.0
2022-06-28,-0.03024256640115741
2022-06-29,0.012939721932533566
2022-06-30,-0.018192109082869834
2022-07-01,0.016035154657305206
2022-07-05,0.018753367193368398
2022-07-06,0.009561344104779046
2022-07-07,0.023716167378545983
2022-07-08,0.0047034005565400605
2022-07-11,-0.014867603296659482
2022-07-12,0.006810253546857936
2022-07-13,-0.002539763401427031
2022-07-14,0.02027559221337949
2022-07-15,0.011384897338126976
2022-07-18,-0.020859156636070963
2022-07-19,0.02637126473109941
2022-07-20,0.013419286142713815
2022-07-21,0.014981541161801282
2022-07-22,-0.008143711739949211
2022-07-25,-0.007425991499389717
2022-07-26,-0.008865427132958459
2022-07-27,0.03366146968259187
2022-07-28,0.0035657107746427386
2022-07-29,0.032266632816195795
2022-08-01,-0.006172413656533315
2022-08-02,-0.009330891551645237
2022-08-03,0.03753440701487154
2022-08-04,-0.0019282458900269361
2022-08-05,-0.0013896783590565676
2022-08-08,-0.0029073013894151956
2022-08-09,0.00030324640894097143
2022-08-10,0.025857414177180793
2022-08-11,-0.004441488022781215
2022-08-12,0.021199315796752494
2022-08-15,0.006313371611991414
2022-08-16,-0.0009240157716812192
2022-08-17,0.008746178366739521
2022-08-18,-0.002294144639729545
2022-08-19,-0.015217309981631288
2022-08-22,-0.023298466579179333
2022-08-23,-0.002031460004028318
2022-08-24,0.001792466339371579
2022-08-25,0.014812389243413548
2022-08-26,-0.038428224506003694
2022-08-29,-0.013784894913093204
2022-08-30,-0.015423630990065718
2022-08-31,-0.010692094565050603
2022-09-01,0.004696057136679421
2022-09-02,-0.013704774773255046
2022-09-06,-0.008248913980970052
2022-09-07,0.009211334857082143
2022-09-08,-0.009664438443588885
2022-09-09,0.01866462754100251
2022-09-12,0.03778496511340723
2022-09-13,-0.060471538439544226
2022-09-14,0.009509920218145673
2022-09-15,-0.019111453508844356
2022-09-16,-0.01102067014606778
2022-09-19,0.024773714424363824
2022-09-20,0.015543990663508644
2022-09-21,-0.020476078376194806
2022-09-22,-0.006395334284450271
2022-09-23,-0.015239757966426737
2022-09-26,0.002257974486312264
2022-09-27,0.006544774339941384
2022-09-28,-0.012732396467697527
2022-09-29,-0.05036638316773967
2022-09-30,-0.030499759259101644
2022-10-03,0.030289252258258514
2022-10-04,0.02530035994212465
2022-10-05,0.002051227063175176
2022-10-06,-0.006647791198475694
2022-10-07,-0.03740967430302433
2022-10-10,0.0023529491593716756
2022-10-11,-0.01030830313859088
2022-10-12,-0.004615363286469609
2022-10-13,0.033060260486055704
2022-10-14,-0.0327714066104674
2022-10-17,0.02870692430662558
2022-10-18,0.009365371268375888
2022-10-19,0.0007651341736920614
2022-10-20,-0.0032724254527671803
2022-10-21,0.026699368096255505
2022-10-24,0.01469403607844022
2022-10-25,0.019153164805556067
2022-10-26,-0.019822248457507463
2022-10-27,-0.030939103450785765
2022-10-28,0.07283440976529754
2022-10-31,-0.015530354018387094
2022-11-01,-0.017698191318831213
2022-11-02,-0.03801858442944184
2022-11-03,-0.04333061062901766
2022-11-04,-0.0019491652277041638
2022-11-07,0.0038948730872618853
2022-11-08,0.004166265886093257
2022-11-09,-0.03375346871802076
2022-11-10,0.0852368154388694
2022-11-11,0.01908519102441275
2022-11-14,-0.009531013818788736
2022-11-15,0.01179963944208584
2022-11-16,-0.008366061840198391
2022-11-17,0.012888034002100035
2022-11-18,0.0037746789802914904
2022-11-21,-0.02191875263715204
2022-11-22,0.014554680866613268
2022-11-23,0.0059090207192102895
2022-11-25,-0.019788425145360833
2022-11-28,-0.02661510045563098
2022-11-29,-0.021375061785308347
2022-11-30,0.04744997757335767
2022-12-01,0.0018897888377642502
2022-12-02,-0.0033769078177670053
2022-12-05,-0.008015346309059979
2022-12-06,-0.025697276295267635
2022-12-07,-0.01388066743276184
2022-12-08,0.012059913903448738
2022-12-09,-0.0034412872182683074
2022-12-12,0.01625739105753521
2022-12-13,0.00675949668858955
2022-12-14,-0.01565767271526841
2022-12-15,-0.04798779748643334
2022-12-16,-0.014685911674629182
2022-12-19,-0.016037433718680383
2022-12-20,-0.0005290378084605862
2022-12-21,0.02353057636756617
2022-12-22,-0.024059894205183063
2022-12-23,-0.0028019665515648384
2022-12-27,-0.013975623821793626
2022-12-28,-0.031165890392964357
2022-12-29,0.027930822856077953
2022-12-30,0.0024658018283059135
2023-01-03,-0.0381222817343545
2023-01-04,0.010261274411951682
2023-01-05,-0.010661241939276422
2023-01-06,0.03613346514739657
2023-01-09,0.00408067383844557
2023-01-10,0.004446144532613161
2023-01-11,0.020892778349931085
2023-01-12,-0.0005994800082333995
2023-01-13,0.010068013178541335
2023-01-17,0.008718176267172417
2023-01-18,-0.00538434299586843
2023-01-19,0.0004438022968571431
2023-01-20,0.019038068858041157
2023-01-23,0.0232288633582991
2023-01-24,0.010012661488223884
2023-01-25,-0.0047117890612335955
2023-01-26,0.014694912427665408
2023-01-27,0.013591448319781207
2023-01-30,-0.020282135563555848
2023-01-31,0.00898021025244411
2023-02-01,0.007869741945148334
2023-02-02,0.03639218180502368
2023-02-03,0.024107107383879445
2023-02-06,-0.018091597594456665
2023-02-07,0.019061870088862953
2023-02-08,-0.01781040665871192
2023-02-09,-0.006935312085082579
2023-02-10,0.0024530302564107487
2023-02-13,0.018631937064529147
2023-02-14,-0.004233806929689443
2023-02-15,0.013807825482933467
2023-02-16,-0.010484361781896823
2023-02-17,-0.007575170614096294
2023-02-21,-0.027042186443980043
2023-02-22,0.002891822409135436
2023-02-23,0.003285105259606347
2023-02-24,-0.0181695343947732
2023-02-27,0.008213707832275041
2023-02-28,-0.0034535688448258384
2023-03-01,-0.014348405673081821
2023-03-02,0.004120565005312216
2023-03-03,0.0344884827539218
2023-03-06,0.018369743066927846
2023-03-07,-0.01460261238404481
2023-03-08,0.008342115809622186
2023-03-09,-0.015026862501386518
2023-03-10,-0.013975995315758993
2023-03-13,0.013178942417081174
2023-03-14,0.01399071148625275
2023-03-15,0.002618152837378318
2023-03-16,0.018521319914181156
2023-03-17,-0.0054689400947012246
2023-03-20,0.015365280172473739
2023-03-21,0.011873334752944054
2023-03-22,-0.009145171087840076
2023-03-23,0.006945287446078474
2023-03-24,0.008271439212533593
2023-03-27,-0.012369639959143086
2023-03-28,-0.003988116436307365
2023-03-29,0.01959728799285365
2023-03-30,0.009841384779432971
2023-03-31,0.01552305536137144
2023-04-03,0.007672230577946415
2023-04-04,-0.0032550024005741918
2023-04-05,-0.011354605468629764
2023-04-06,0.005480940151546321
2023-04-10,-0.016101303143038592
2023-04-11,-0.007620097717994767
2023-04-12,-0.004362601036136837
2023-04-13,0.033534878198583584
2023-04-14,-0.0021161624483729824
2023-04-17,0.00012103090828752272
2023-04-18,0.007476566111659366
2023-04-19,0.00694403195284643
2023-04-20,-0.005863238456152331
2023-04-21,-0.009829243341963334
2023-04-24,0.0018768186452966518
2023-04-25,-0.009480330614025867
2023-04-26,-6.128921053516478e-05
2023-04-27,0.02799975672535826
2023-04-28,0.0075126507819236465
2023-05-01,-0.0005306009152361568
2023-05-02,-0.006210502369041748
2023-05-03,-0.00648821586341608
2023-05-04,-0.009963005242175527
2023-05-05,0.04585911258168984
2023-05-08,-0.00040353366992462725
2023-05-09,-0.010021065831554488
2023-05-10,0.010367038180389976
2023-05-11,0.0010940780305492837
2023-05-12,-0.00543228165715437
2023-05-15,-0.0029016693384757986
2023-05-16,0.0
2023-05-17,0.003596618593908474
2023-05-18,0.013573654221825215
2023-05-19,0.0006282384794493723
2023-05-22,-0.005495776057091284
2023-05-23,-0.01527109069797028
2023-05-24,0.0016308412528269756
2023-05-25,0.006670020884439687
2023-05-26,0.014006221200995483
2023-05-30,0.010603064264445017
2023-05-31,-0.0002819169219261397
2023-06-01,0.01589538419607095
2023-06-02,0.004764108816138979
2023-06-05,-0.00760000028964658
2023-06-06,-0.0020622727365262605
2023-06-07,-0.007786713960732605
2023-06-08,0.015346837183198403
2023-06-09,0.0021574548224210233
2023-06-12,0.01551765912101466
2023-06-13,-0.0026150924160548428
2023-06-14,0.003485440295147413
2023-06-15,0.011136450903763695
2023-06-16,-0.005877260151816444
2023-06-20,0.0004867036851807782
2023-06-21,-0.005691575308708785
2023-06-22,0.016390187500165965
2023-06-23,-0.0017126954898323277
2023-06-26,-0.007581574221231513
2023-06-27,0.014946712774389859
2023-06-28,0.006307952845460818
2023-06-29,0.0017948715241153934
2023-06-30,0.022839737138288463
2023-07-03,-0.007815125692892444
2023-07-05,-0.005888773214473453
2023-07-06,0.0025056928489295416
2023-07-07,-0.005908788218517813
2023-07-10,-0.010915032787435663
2023-07-11,-0.002814108963997697
2023-07-12,0.00894528406607975
2023-07-13,0.004049454800296282
2023-07-14,0.0007868858815509583
2023-07-17,0.01715761466454424
2023-07-18,-0.0013412535894570254
2023-07-19,0.007046769550996146
2023-07-20,-0.010148668746180256
2023-07-21,-0.006180672624214623
2023-07-24,0.00421130842641837
2023-07-25,0.004503421346096381
2023-07-26,0.004534527515702713
2023-07-27,-0.006602645987428879
2023-07-28,0.013417536075690961
2023-07-31,0.0031608519736083807
2023-08-01,-0.0042848276005713615
2023-08-02,-0.015611343929063715
2023-08-03,-0.00734876746374713
2023-08-04,-0.0492112571291905
2023-08-07,-0.01740418622069484
2023-08-08,0.005297698139614226
2023-08-09,-0.008994679634125369
2023-08-10,-0.001235573159915404
2023-08-11,0.00033759910787090064
2023-08-14,0.00934938887821879
2023-08-15,-0.011263524644153478
2023-08-16,-0.00497148440564299
2023-08-17,-0.014662253943578563
2023-08-18,0.0028124570987841935
2023-08-21,0.007706831328713193
2023-08-22,0.007873828725014853
2023-08-23,0.021711413492615073
2023-08-24,-0.026518906413890875
2023-08-25,0.012563940845000232
2023-08-28,0.008807090792549488
2023-08-29,0.021575854468919964
2023-08-30,0.018990872971546224
2023-08-31,0.0011716890286308512
2023-09-01,0.008427804388245974
2023-09-05,0.0012658759887385074
2023-09-06,-0.03644962206111124
2023-09-07,-0.02968570183798125
2023-09-08,0.003485589696288649
2023-09-11,0.006600840066376179
2023-09-12,-0.017207991213382456
2023-09-13,-0.011925509328211348
2023-09-14,0.008744222936257096
2023-09-15,-0.004162572653284791
2023-09-18,0.01677180649479837
2023-09-19,0.006161949537752953
2023-09-20,-0.02019489594326629
2023-09-21,-0.008929193138634162
2023-09-22,0.004932315957615785
2023-09-25,0.007353244838276929
2023-09-26,-0.02367634025137466
2023-09-27,-0.00893738868011873
2023-09-28,0.0015244142485597578
2023-09-29,0.0030418746433786836
2023-10-02,0.014726509982175173
2023-10-03,-0.007800076297007408
2023-10-04,0.007281900579986456
2023-10-05,0.0071722963575275855
2023-10-06,0.014642658623490235
2023-10-09,0.008415740146999084
2023-10-10,-0.003357819178844146
2023-10-11,0.007872973844596842
2023-10-12,0.005048492723455311
2023-10-13,-0.010346099031798062
2023-10-16,-0.0007270553673395241
2023-10-17,-0.008823520246006744
2023-10-18,-0.007422509736544569
2023-10-19,-0.002163285787927016
2023-10-20,-0.014813506184681913
2023-10-23,0.0006938382804042575
2023-10-24,0.0025403482150698764
2023-10-25,-0.013583568401585921
2023-10-26,-0.024913296180687716
2023-10-27,0.00793765894359666
2023-10-30,0.012230081522347724
2023-10-31,0.0028148486901056202
2023-11-01,0.01856535205528953
2023-11-02,0.020482040968412996
2023-11-03,-0.005194570782517616
2023-11-06,0.014499469424774425
2023-11-07,0.014347290032345583
2023-11-08,0.005867770902446168
2023-11-09,-0.0026279803761566356
2023-11-10,0.02295443993664925
2023-11-13,-0.008620527695887503
2023-11-14,0.014184519946885743
2023-11-15,0.0030364376283440464
2023-11-16,0.00900152758646744
2023-11-17,-0.0001056360658262534
2023-11-20,0.009235658039369099
2023-11-21,-0.004239963804793412
2023-11-22,0.0035084512148300107
2023-11-24,-0.0070290928494056715
2023-11-27,-0.00094803887302497
2023-11-28,0.003208928725989324
2023-11-29,-0.005424304047760842
2023-11-30,0.0030581659649655535
2023-12-01,0.006768263206536673
2023-12-04,-0.009509669573162682
2023-12-05,0.020844407579485136
2023-12-06,-0.00570316642278712
2023-12-07,0.010088244090051823
2023-12-08,0.007385032345322173
2023-12-11,-0.013011584894203843
2023-12-12,0.007888717256885336
2023-12-13,0.016553927220035014
2023-12-14,0.0007574083340369242
2023-12-15,-0.0027294525297527628
2023-12-18,-0.008539719157303338
2023-12-19,0.005345756939986401
2023-12-20,-0.010771631103666301
2023-12-21,-0.000770322594449091
2023-12-22,-0.005562954608681281
2023-12-26,-0.002844826104948517
2023-12-27,0.0005176041973458112
2023-12-28,0.002223867615162689
2023-12-29,-0.0054387969728733054
2024-01-02,-0.03644270419844897
2024-01-03,-0.007515800658941529
2024-01-04,-0.012781512576300003
2024-01-05,-0.004020903021337396
2024-01-08,0.023887167637430373
2024-01-09,-0.0022660170278667735
2024-01-10,0.005655278296555544
2024-01-11,-0.0032277415017958333
2024-01-12,0.0017767375010731001
2024-01-16,-0.012393577860841276
2024-01-17,-0.005187066304489285
2024-01-18,0.03205159547869396
2024-01-19,0.015413649096246651
2024-01-22,0.012089968113971672
2024-01-23,0.006631102303051861
2024-01-24,-0.0034900821002237237
2024-01-25,-0.001697976354525288
2024-01-26,-0.009053578311109867
2024-01-29,-0.003592367862486512
2024-01-30,-0.01943355624033849
2024-01-31,-0.019547458715797106
2024-02-01,0.013252507004636094
2024-02-02,-0.005419685334132396
2024-02-05,0.009798416928618714
2024-02-06,0.00859466875789483
2024-02-07,0.0005807961625725611
2024-02-08,-0.005771258609740038
2024-02-09,0.0040856937154405415
2024-02-12,-0.0090426376588022
2024-02-13,-0.011338411141098348
2024-02-14,-0.004821451155864409
2024-02-15,-0.0015760731794038918
2024-02-16,-0.00846590736221664
2024-02-20,-0.004122417319058158
2024-02-21,0.004177346989054698
2024-02-22,0.011181078073033035
2024-02-23,-0.010084803474997628
2024-02-26,-0.007479156129605258
2024-02-27,0.00808151104455579
2024-02-28,-0.00664738582861002
2024-02-29,-0.00369985353112412
2024-03-01,-0.006048750700730743
2024-03-04,-0.025709018514944226
2024-03-05,-0.02885321946434871
2024-03-06,-0.005895301966144295
2024-03-07,-0.0007100177538825747
2024-03-08,0.010184657316364643
2024-03-11,0.011762142705035394
2024-03-12,0.002774751513256568
2024-03-13,-0.01219650979244058
2024-03-14,0.010867940959334632
2024-03-15,-0.002199021461630757
2024-03-18,0.006352135800236525
2024-03-19,0.013493675296105678
2024-03-20,0.014602109163724286
2024-03-21,-0.04171550304869509
2024-03-22,0.005295991010265233
2024-03-25,-0.00833488645174807
2024-03-26,-0.006695014172965585
2024-03-27,0.020990838048398963
2024-03-28,-0.010615304808086812
2024-04-01,-0.008491723723288658
2024-04-02,-0.007023389122325696
2024-04-03,0.004785913232299599
2024-04-04,-0.004904365174890124
2024-04-05,0.004491702090026806
2024-04-08,-0.006685871615714767
2024-04-09,0.00721649783374545
2024-04-10,-0.011201886194338151
2024-04-11,0.04236096983805915
2024-04-12,0.008589722808737932
2024-04-15,-0.022106213622119952
2024-04-16,-0.019353286459403485
2024-04-17,-0.008180650902700926
2024-04-18,-0.005730721544996875
2024-04-19,-0.012287768973984647
2024-04-22,0.005077919479522741
2024-04-23,0.006371449241924232
2024-04-24,0.012622117546052358
2024-04-25,0.005134210733050537
2024-04-26,-0.0034790272544586998
2024-04-29,0.02450531119050492
2024-04-30,-0.018439767585507028
2024-05-01,-0.006065543604997892
2024-05-02,0.021792762532482968
2024-05-03,0.058095583366341685
2024-05-06,-0.00914853080265754
2024-05-07,0.0037900725881314656
2024-05-08,0.0018622204473643933
2024-05-09,0.009964379838245385
2024-05-10,-0.006913934893046481
2024-05-13,0.017491640009248854
2024-05-14,0.006154362415249359
2024-05-15,0.01214385976606902
2024-05-16,0.0006323705435731242
2024-05-17,0.00015794926220280558
2024-05-20,0.006143296059965664
2024-05-21,0.006833879596900516
2024-05-22,-0.007566967476912545
2024-05-23,-0.021283078347736684
2024-05-24,0.01645218147490901
2024-05-28,5.2640675850312846e-05
2024-05-29,0.0015776909241669301
2024-05-30,0.00524138624521342
2024-05-31,0.005005996969965842
2024-06-03,0.009216248230822899
2024-06-04,0.0016478675359730133
2024-06-05,0.007790382550413533
2024-06-06,-0.007121726061942724
2024-06-07,0.012315846399808095
2024-06-10,-0.019333444091230945
2024-06-11,0.07013139623986486
2024-06-12,0.028177596743925726
2024-06-13,0.005476142838143794
2024-06-14,-0.008201931864614487
2024-06-17,0.01948056951504018
2024-06-18,-0.011045259840412491
2024-06-20,-0.021747692147156883
2024-06-21,-0.010499368100355788
2024-06-24,0.003127856230545234
2024-06-25,0.004458243802652362
2024-06-26,0.019795882979733115
2024-06-27,0.003978023406312481
2024-06-28,-0.016387726757180587
2024-07-01,0.028689161139791253
2024-07-02,0.016109487054078997
2024-07-03,0.005794149343475219
2024-07-05,0.021390015958631103
2024-07-08,0.006517620720899231
2024-07-09,0.0037677528540216443
2024-07-10,0.018628919587098558
2024-07-11,-0.023494600646466246
2024-07-12,0.01296630927352993
2024-07-15,0.016604846557307873
2024-07-16,0.001790242519649432
2024-07-17,-0.025621499999476605
2024-07-18,-0.02074859804728746
2024-07-19,0.0005797090491590495
2024-07-22,-0.0015615002619693286
2024-07-23,0.004677341467616891
2024-07-24,-0.02917575100228298
2024-07-25,-0.0048161506406732
2024-07-26,0.002158678232418332
2024-07-29,0.0012838649989861395
2024-07-30,0.0025625849893966546
2024-07-31,0.014879679942027657
2024-08-01,-0.016892651814250037
2024-08-02,0.006845915160100802
2024-08-05,-0.04936560314282179
2024-08-06,-0.009796104800159355
2024-08-07,0.012420793905450367
2024-08-08,0.016496437707934852
2024-08-09,0.013642388983098108
2024-08-12,0.007104618403314333
2024-08-13,0.017046978831008808
2024-08-14,0.002031638578165129
2024-08-15,0.013439947396027385
2024-08-16,0.005900957254047157
2024-08-19,-0.0007079854477618497
2024-08-20,0.0027408083912643377
2024-08-21,-0.00048570603624753517
2024-08-22,-0.008294054497219427
2024-08-23,0.010235600072875606
2024-08-26,0.0014976953187062492
2024-08-27,0.003734555008487739
2024-08-28,-0.006776296282680505
2024-08-29,0.014464956033654275
2024-08-30,-0.003443798546999055
2024-09-03,-0.027582064113750526
2024-09-04,-0.008656184983675708
2024-09-05,0.006903966358550839
2024-09-06,-0.007039809041121892
2024-09-09,0.00040754216169514024
2024-09-10,-0.0036280696636667997
2024-09-11,0.011518555020651355
2024-09-12,0.0004940001475670641
2024-09-13,-0.0012128375330382468
2024-09-16,-0.02816824842663923
2024-09-17,0.0021702411378266007
2024-09-18,0.017829929023574387
2024-09-19,0.03639506608855836
2024-09-20,-0.002931626404281573
2024-09-23,-0.007609966967707216
2024-09-24,0.003966139824454373
2024-09-25,-0.004407937705690479
2024-09-26,0.005067479331993141
2024-09-27,0.0011860259563212239
2024-09-30,0.022614254688781976
2024-10-01,-0.029574608688085036
2024-10-02,0.0025165140585992063
2024-10-03,-0.004906639872005236
2024-10-04,0.004994868818058329
2024-10-07,-0.022788577501058782
2024-10-08,0.018236740686477404
2024-10-09,0.01656052456024426
2024-10-10,-0.0021806042682985805
2024-10-11,-0.006526655783981816
2024-10-14,0.016345599701800495
2024-10-15,0.010964278934212146
2024-10-16,-0.008891283873501798
2024-10-17,0.0015950940144833226
2024-10-18,0.01220184482179576
2024-10-21,0.0062780933531181304
2024-10-22,-0.002625234050019465
2024-10-23,-0.021860193826231722
2024-10-24,-0.0008236951646907187
2024-10-25,0.003636581065536326
2024-10-28,0.008562573759134828
2024-10-29,0.0011561639881421115
2024-10-30,-0.01539578976892475
2024-10-31,-0.01837743655801738
2024-11-01,-0.013368471665140547
2024-11-04,-0.0040457242855804765
2024-11-05,0.0064652019005055905
2024-11-06,-0.003272261273713717
2024-11-07,0.021146909081513954
2024-11-08,-0.001188858938847126
2024-11-11,-0.012101497129812344
2024-11-12,0.0
2024-11-13,0.003961185300560999
2024-11-14,0.013676558735161493
2024-11-15,-0.01420961971400203
2024-11-18,0.013332967834875475
2024-11-19,0.0011395580820545703
2024-11-20,0.0031490263482298886
2024-11-21,-0.0020982263369848653
2024-11-22,0.005890180576800574
2024-11-25,0.012966373848446011
2024-11-26,0.00936046667599122
2024-11-27,-0.0005532475812444204
2024-11-29,0.01016403032311608
2024-12-02,0.009477519288508596
2024-12-03,0.012690994687325485
2024-12-04,0.0014824725272264416
2024-12-05,0.00012349278740231284
2024-12-06,-0.0008232368257452549
2024-12-09,0.015972823118797663
2024-12-10,0.00412529571463871
2024-12-11,-0.005179447256857372
2024-12-12,0.005946007366582684
2024-12-13,0.0006853620842734998
2024-12-16,0.011659357263943626
2024-12-17,0.009672704476704652
2024-12-18,-0.02165457018195127
2024-12-19,0.0069901512304504365
2024-12-20,0.01864101653281125
2024-12-23,0.003060330617397078
2024-12-24,0.011412614432788182
2024-12-26,0.0031707079379534875
2024-12-27,-0.013330658646657945
2024-12-30,-0.01335212987704626
2024-12-31,-0.007082863168246689
2025-01-02,-0.026586231225389945
2025-01-03,-0.0020114501090864323
2025-01-06,0.006716374084899002
2025-01-07,-0.011453079657173681
2025-01-08,0.0020209907125270377
2025-01-10,-0.024398989689712103
2025-01-13,-0.010398017677105464
2025-01-14,-0.004789684679459505
2025-01-15,0.019484865783485183
2025-01-16,-0.041238953228875275
2025-01-17,0.007506991702556753
2025-01-21,-0.03243627108539027
2025-01-22,0.0053308067384518765
2025-01-23,-0.000759727858056003
2025-01-24,-0.003942440089749866
2025-01-27,0.031285772400412526
2025-01-28,0.03589196790880678
2025-01-29,0.004606243268923116
2025-01-30,-0.007422166948160225
2025-01-31,-0.006714688731845442
2025-02-03,-0.034442381360829444
2025-02-04,0.020790356917617103
2025-02-05,-0.001418563785807514
2025-02-06,0.003220983594126814
2025-02-07,-0.024260588721880083
2025-02-10,0.001186572250697182
2025-02-11,0.021596864452921416
2025-02-12,0.018105259091768744
2025-02-13,0.019482221542832967
2025-02-14,0.012630542465254635
2025-02-18,-0.0005315807947647855
2025-02-19,0.0016347888431447188
2025-02-20,0.003912897668658211
2025-02-21,-0.0011397382565601077
2025-02-24,0.006292543737412615
2025-02-25,-0.00024286104684279053
2025-02-26,-0.027412430322284465
2025-02-27,-0.012812651969178468
2025-02-28,0.018951155921255847
2025-03-03,-0.01587968324691147
2025-03-04,-0.00886152752339786
2025-03-05,-0.0008056217234626573
2025-03-06,-0.0017407059186442808
2025-03-07,0.01576765265480784
2025-03-10,-0.04969415467655924
2025-03-11,-0.0296238604876784
2025-03-12,-0.017633283159961266
2025-03-13,-0.03422266679560426
2025-03-14,0.018007489756817208
2025-03-17,0.002386060699006265
2025-03-18,-0.006140266076747558
2025-03-19,0.011917885682597884
2025-03-20,-0.005310386566807601
2025-03-21,0.019289645490710328
2025-03-24,0.011207325945740365
2025-03-25,0.013589173950517619
2025-03-26,-0.009971397595554876
2025-03-27,0.010418206893104909
2025-03-28,-0.02693998804754827
2025-03-31,0.019226584495971366
2025-04-01,0.004760670109262399
2025-04-02,0.0031314423091881594
2025-04-03,-0.09701349313379026
2025-04-04,-0.07568018330674064
2025-04-07,-0.03742598535831565
2025-04-08,-0.051102017750765505
2025-04-09,0.14261752825727125
2025-04-10,-0.043318633098895276
2025-04-11,0.03979209330091038
2025-04-14,0.021814455124894216
2025-04-15,-0.0018782103745138556
2025-04-16,-0.03971153289626006
2025-04-17,0.013853232116374237
2025-04-21,-0.019583310746964067
2025-04-22,0.033497711701032884
2025-04-23,0.02404029086852244
2025-04-24,0.0182584375222401
2025-04-25,0.004357757748287838
2025-04-28,0.004100915027092533
2025-04-29,0.005078956600485185
2025-04-30,0.0060890648146303405
2025-05-01,0.0038514415743522434
2025-05-02,-0.03807754895788662
2025-05-05,-0.03196394591314711
2025-05-06,-0.001912445820853037
2025-05-07,-0.01145014956473478
2025-05-08,0.0062986166350818
2025-05-09,0.00525225891264558
2025-05-12,0.06123265023133406
2025-05-13,0.010101068282407866
2025-05-14,-0.002821806042907049
2025-05-15,-0.00415306724093778
2025-05-16,-0.0008989847417764096
2025-05-19,-0.011808550392953698
2025-05-20,-0.009238774316743026
2025-05-21,-0.023329172486255878
2025-05-22,-0.00361880977820217
2025-05-23,-0.03071100249656311
2025-05-27,0.024983547736617595
2025-05-28,0.0010482997006846517
2025-05-29,-0.002347813658760245
2025-05-30,0.004491065205679767
2025-06-02,0.004223041295792207
2025-06-03,0.007753673604679712
2025-06-04,-0.0022161650182512815
2025-06-05,-0.010856447081017073
2025-06-06,0.01626523509585187
2025-06-09,-0.01218648610130657
2025-06-10,0.006037757903317953
2025-06-11,-0.019380322949579032
2025-06-12,0.002110637344438615
2025-06-13,-0.013901372087019581
2025-06-16,0.009978075593870983
2025-06-17,-0.014109814759667216
2025-06-18,0.0047932056043871185
2025-06-20,0.022235471994094702
2025-06-23,0.0024845375093720534
2025-06-24,-0.005973140609259353
2025-06-25,0.006270870715325394
2025-06-26,-0.0027822676154380943
2025-06-27,0.0003979410558212493
2025-06-30,0.020136058667707957
2025-07-01,0.012833452102963605
2025-07-02,0.021987260950304233
2025-07-03,0.005211464441900127
2025-07-07,-0.01700166800192804
2025-07-08,0.00028574888794974385
2025-07-09,0.005366265423001337
2025-07-10,0.005996959284133574
2025-07-11,-0.005902237441488545
2025-07-14,-0.012101746276944603
2025-07-15,0.0023460746789218945
2025-07-16,0.005008772285351348
2025-07-17,-0.000666471075739139
2025-07-18,0.005508083259678109
2025-07-21,0.006136958169459916
2025-07-22,0.008995652272855814
2025-07-23,-0.0011667552749852206
2025-07-24,-0.0018228608718340311
2025-07-25,0.0005613057539113342
2025-07-28,0.0007945430080793514
2025-07-29,-0.013072746112031908
2025-07-30,-0.010563460319450435
2025-07-31,-0.007104788725402322
2025-08-01,-0.025321495083900913
2025-08-04,0.00478148656035593
2025-08-05,-0.0021168743093804565
2025-08-06,0.04965340673029406
2025-08-07,0.03129867580081669
2025-08-08,0.04148537082908721
2025-08-11,-0.008372382699321612
2025-08-12,0.010813746316394202
2025-08-13,0.01589742165112451
2025-08-14,-0.002359966075287545
2025-08-15,-0.005125279942778782
2025-08-18,-0.003027109285002716
2025-08-19,-0.0014302786403730394
2025-08-20,-0.01993195232786782
2025-08-21,-0.004923352764199862
2025-08-22,0.012636554777214037
2025-08-25,-0.0026377932083896383
2025-08-26,0.009420188869659007
2025-08-27,0.005132705068832344
2025-08-28,0.00894076936832544
2025-08-29,-0.0018076536179272296
2025-09-02,-0.01047942727700324
2025-09-03,0.0373823624781906
2025-09-04,0.005478255147428612
2025-09-05,-0.0003753809042095213
2025-09-08,-0.0075800588456242934
2025-09-09,-0.014950617910709951
2025-09-10,-0.03279128924421748
2025-09-11,0.014185256289725778
2025-09-12,0.017410544677714412
2025-09-15,0.011173251296469289
2025-09-16,0.006107199861764556
2025-09-17,0.0035210514987458197
2025-09-18,-0.004655396469492423
2025-09-19,0.03153055905444013
2025-09-22,0.042192926809499376
2025-09-23,-0.006464106315850593
2025-09-24,-0.00836727303900453
2025-09-25,0.017911586361791798
2025-09-26,-0.005504203212560732
2025-09-29,-0.004040110110226536
2025-09-30,0.0007857916558773326
2025-10-01,0.003215156193108193
2025-10-02,0.006555106605745209
2025-10-03,0.0034552749860345955
2025-10-06,-0.005167942554399119
2025-10-07,-0.0008183689390834914
2025-10-08,0.006141391255694906
2025-10-09,-0.01570046617776999
2025-10-10,-0.03513202373666413
2025-10-13,0.009697171504895685
2025-10-14,0.00044406003543251416
2025-10-15,0.006316538166847074
2025-10-16,-0.007608880303072496
2025-10-17,0.01937061429806608
2025-10-20,0.03868091586874822
2025-10-21,0.002018984251537681
2025-10-22,-0.016576795313850923
2025-10-23,0.004362573196799779
2025-10-24,0.012404622431380297
2025-10-27,0.022535281491603776
2025-10-28,0.0007065817472202696
2025-10-29,0.002598920228257029
2025-10-30,0.0062834438049241825
2025-10-31,-0.0038023163929237214
2025-11-03,-0.00489417009759574
2025-11-04,0.0036728713253904033
2025-11-05,0.00037028919398096605
2025-11-06,-0.0013706648568128088
2025-11-07,-0.004830551924743354
2025-11-10,0.0045383652656738604
2025-11-11,0.021371186435946044
2025-11-12,-0.006487844507193863
2025-11-13,-0.0019032581452380626
2025-11-14,-0.001980375185918426
2025-11-17,-0.018338307268199294
2025-11-18,-7.473925559597916e-05
2025-11-19,0.004179092340407031
2025-11-20,-0.008638626557415208
